"Sample","YrBP","Abies","Cupressaceae","Larix","Picea","Pinus","Tsuga","Acer","Alnus","Betula","Carya","Corylus","Fagus","Fraxinus","Ostrya.Carpinus","Quercus","Tilia","Ulmus","Ambrosia","Artemisia","Asteraceae","Amarantaceae","Poaceae"
"Lily1",1057,34,0,0,40,74,9,5,9,302,0,5,1,3,0,8,2,3,12,6,1,2,0
"Lily2",1205,32,0,1,16,67,7,4,13,386,0,12,0,0,1,2,0,1,4,3,1,0,0
"Lily3",1277,22,0,0,16,59,6,5,11,305,0,0,0,0,0,6,0,1,5,1,1,1,0
"Lily4",1387,29,0,0,26,118,5,10,20,356,0,0,1,1,0,12,0,2,9,4,1,0,1
"Lily5",1499,45,0,0,55,186,8,6,15,337,0,0,0,2,0,14,0,3,2,7,0,0,0
"Lily6",1571,31,0,0,33,87,3,4,16,307,0,0,0,2,0,9,1,1,14,2,0,1,1
"Lily7",1644,41,0,2,60,139,6,5,12,462,0,0,0,0,0,18,0,6,2,2,0,4,0
"Lily8",1719,43,0,1,57,162,8,13,14,497,3,9,2,6,0,25,0,4,27,9,0,5,1
"Lily9",1792,28,5,2,42,142,4,7,8,426,1,0,0,3,23,16,0,6,19,4,0,2,2
"Lily10",1865,35,0,4,72,360,15,13,34,720,0,7,0,7,0,33,0,5,4,8,5,3,2
"Lily11",1936,47,1,5,75,345,11,8,27,713,0,0,2,9,0,37,0,8,8,0,0,3,0
"Lily12",2008,54,6,3,66,309,7,8,0,621,1,5,2,7,5,38,0,10,6,14,0,2,0
"Lily13",2081,56,0,0,46,308,6,2,4,452,0,0,1,0,0,26,0,8,4,12,1,5,1
"Lily14",2153,76,0,0,51,342,7,12,2,460,0,0,0,7,1,30,0,6,6,11,0,0,0
"Lily15",2226,50,0,0,61,327,9,0,1,509,0,4,0,2,0,25,2,7,3,8,6,3,0
"Lily16",2315,55,0,4,46,357,2,7,3,415,0,3,0,5,0,32,0,3,2,3,1,4,0
"Lily17",2442,50,0,0,51,350,9,19,18,526,0,3,2,6,0,25,1,9,7,7,0,3,4
"Lily18",2507,34,3,4,31,305,10,7,10,317,0,0,0,2,0,20,0,3,2,7,1,1,1
"Lily19",2635,46,8,2,27,249,9,4,10,330,0,0,0,3,11,22,0,6,4,6,0,4,1
"Lily20",2762,14,1,0,42,319,4,14,21,537,1,12,0,7,2,27,1,9,4,11,1,0,1
"Lily21",2889,26,0,5,23,275,12,11,19,340,0,5,0,4,1,18,0,2,11,3,1,2,0
"Lily22",3017,34,0,0,45,319,8,5,20,311,0,8,2,3,0,11,0,5,5,17,1,0,0
"Lily23",3141,38,11,4,21,320,3,4,3,479,1,7,1,5,1,15,1,4,4,4,0,3,0
"Lily24",3268,35,3,0,42,402,5,11,13,451,0,8,0,5,3,33,0,9,8,5,0,2,3
"Lily25",3396,2,0,0,1,130,0,0,5,171,0,0,0,0,0,8,0,1,0,2,1,0,0
"Lily26",3523,25,0,0,29,310,0,4,16,313,0,4,0,1,0,19,0,4,4,6,2,0,0
"Lily27",3650,45,0,0,17,337,1,5,14,328,0,2,0,2,0,12,0,3,4,4,2,0,0
"Lily28",3713,46,0,2,18,434,4,6,15,370,0,0,0,3,0,8,0,3,5,6,1,1,0
"Lily29",3837,43,0,0,20,350,0,12,11,308,0,0,0,1,0,17,1,6,11,8,2,1,0
"Lily30",3966,72,0,0,33,369,0,4,10,315,0,3,0,6,7,28,0,3,9,9,0,5,3
"Lily31",4094,34,0,0,24,381,0,6,3,256,0,0,0,2,0,22,0,2,0,4,0,4,1
"Lily32",4223,55,0,4,18,397,0,8,7,232,0,0,0,1,0,23,0,5,7,5,2,2,1
"Lily33",4354,47,4,0,24,253,0,2,5,245,0,3,1,5,2,15,0,3,6,5,0,1,2
"Lily34",4490,39,0,0,20,263,0,6,4,194,0,0,1,0,0,7,0,6,7,6,0,0,0
"Lily35",4631,63,0,0,32,523,0,10,6,337,0,1,0,3,3,28,0,10,8,9,0,1,0
"Lily36",4767,63,0,1,32,501,6,4,10,303,2,2,0,2,6,16,1,0,1,2,0,1,2
"Lily37",4906,23,3,0,19,348,1,2,12,365,2,1,0,3,0,13,0,3,3,5,0,0,1
"Lily38",5040,9,0,0,19,434,0,4,22,343,0,0,0,1,10,24,1,0,5,6,0,0,3
"Lily39",5173,44,0,2,19,329,0,0,5,345,0,0,0,5,0,16,0,1,3,6,1,2,0
"Lily40",5314,46,0,0,24,553,0,0,4,399,0,0,0,2,0,11,0,2,6,11,3,1,1
"Lily41",5451,30,0,1,28,662,1,6,1,337,0,2,0,1,0,14,1,6,4,9,0,2,0
"Lily42",5588,26,1,1,13,676,6,1,16,319,1,7,0,1,3,17,0,3,6,7,0,3,4
"Lily43",5726,16,0,2,7,643,7,6,17,222,0,7,0,3,3,15,0,5,2,6,1,4,3
"Lily44",5862,11,0,0,14,513,0,0,1,191,0,0,0,2,0,14,0,5,2,2,0,2,0
"Lily45",5998,8,0,0,17,425,0,2,6,116,0,2,0,0,0,13,0,3,3,0,0,0,3
"Lily46",6135,22,0,1,13,405,1,2,4,275,0,2,0,4,0,19,0,2,12,8,1,7,0
"Lily47",6271,34,0,0,67,582,0,2,4,161,0,1,0,0,5,11,0,4,3,1,0,1,1
"Lily48",6416,27,1,1,30,436,0,0,2,102,0,2,0,1,4,8,0,4,3,4,0,0,1
"Lily49",6586,5,1,0,10,575,0,0,8,174,0,0,0,0,0,6,0,9,2,3,0,0,2
"Lily50",6754,23,0,0,12,620,0,2,15,263,0,0,0,5,0,22,0,9,4,8,0,3,1
"Lily51",6926,8,0,0,2,468,0,2,0,124,0,0,0,1,0,11,1,2,7,1,0,2,0
"Lily52",7096,15,0,0,62,712,0,2,13,260,0,0,0,7,0,39,0,11,14,12,0,7,3
"Lily53",7271,24,0,0,41,406,0,2,8,195,0,18,0,10,0,9,0,11,3,3,0,3,0
"Lily54",7444,6,3,0,2,621,0,0,2,141,0,4,0,1,0,12,0,13,4,12,0,3,0
"Lily55",7611,30,0,3,19,874,0,9,22,305,0,5,0,1,0,22,0,6,18,22,1,5,2
"Lily56",7784,16,0,0,9,367,1,0,2,160,0,0,0,2,0,10,0,3,7,4,1,2,1
"Lily57",7959,33,0,0,28,486,0,3,28,263,0,12,0,1,3,13,0,3,7,14,0,5,3
"Lily58",8131,13,0,0,11,147,0,1,23,188,0,7,0,0,0,13,0,3,10,8,0,1,0
"Lily59",8301,25,0,0,5,199,1,2,6,199,0,8,0,3,0,11,0,5,2,1,2,8,0
"Lily60",8468,44,0,0,26,339,1,4,14,263,0,6,0,4,0,8,0,4,14,10,0,1,0
"Lily61",8602,53,0,0,21,271,0,1,18,318,3,2,0,5,0,5,0,10,20,9,1,9,0
"Lily62",8729,71,0,0,59,443,0,1,18,413,0,7,1,9,0,7,0,16,17,14,0,6,4
"Lily63",8859,71,2,3,36,251,0,1,26,321,1,12,0,1,0,14,1,4,10,16,3,1,4
"Lily64",8987,30,0,0,55,263,0,4,52,318,1,0,1,4,5,12,0,5,9,12,6,4,1
"Lily65",9250,37,0,0,70,238,0,1,25,329,0,14,1,1,0,7,0,9,11,18,0,4,0
"Lily66",9378,61,0,0,78,271,0,4,23,398,0,0,4,0,0,10,0,20,27,22,0,12,0
"Lily67",9508,89,0,4,117,289,0,4,12,301,0,10,2,2,0,7,0,13,19,11,0,16,0
"Lily68",9641,53,0,0,108,261,0,1,12,315,0,9,0,3,0,11,0,12,17,18,1,7,1
"Lily69",9773,30,0,0,110,369,0,1,11,299,0,1,0,14,0,32,0,13,33,34,0,7,3
"Lily70",9905,51,0,0,128,345,0,5,3,150,3,4,0,4,3,35,0,12,27,39,2,13,2
"Lily71",10036,22,0,0,128,211,0,1,6,35,0,2,0,6,0,19,1,23,20,19,1,6,1
"Lily72",10166,22,0,0,149,319,0,5,6,49,1,12,2,17,2,49,1,12,20,32,3,8,1
"Lily73",10259,1,0,0,76,162,0,4,4,31,5,7,0,14,2,29,0,11,19,37,1,14,1
"East1",12,3,0,0,12,305.5,9,5,16,77,0,2,1,1,5,9,0,7,33,1,1,2,11
"East2",176,3.5,0,0,14.5,298.5,7,1,8,68,2,2,7,0,6,12,1,6,36,4,5,2,11
"East3",385,6.5,0,2,13,289,14,4,9,66,0,0,3,0,7,15,1,3,30,4,2,0,13
"East4",591,5,0,0,11.5,324,16,2,6,86,1,1,10,2,5,24,0,4,10,5,3,1,5
"East5",799,3,0,0,17,416.5,13,4,13,85,0,1,9,4,8,23,0,7,5,2,0,1,6
"East6",969,4,0,2,8,428.5,14,5,10,66,3,1,10,2,3,26,1,6,4,3,0,0,7
"East7",1055,2,0,0,21,507,21,8,10,103,1,4,11,4,7,28,1,7,4,5,2,1,16
"East8",1182,3.5,0,1,23.5,425,16,5,10,100,1,0,13,5,8,10,0,4,4,1,0,0,7
"East9",1602,1.5,0,0,8,387,17,6,9,75,1,0,7,1,3,10,0,4,4,1,0,0,7
"East10",1808,5,0,2,10.5,432.5,12,8,6,77,0,1,4,3,7,20,1,3,4,3,1,0,8
"East11",2016,4,0,0,15,464,17,3,7,67,0,1,7,1,13,12,0,5,2,2,2,0,10
"East12",2438,4,0,4,20.5,391.5,15,0,14,68,3,3,7,2,3,12,0,3,7,4,1,0,2
"East13",2649,2.5,0,3,11.5,364,11,4,10,64,1,2,8,2,4,17,1,5,6,5,0,1,5
"East14",2795,1,0,1,20,525,12,5,11,105,1,0,4,1,4,32,0,6,8,5,0,1,8
"East15",2919,4.5,0,0,5.5,434.5,5,4,15,75,0,1,3,6,7,29,0,4,8,1,1,2,11
"East16",3044,6.5,0,1,8,328,4,5,9,83,0,1,5,2,8,19,1,3,8,2,0,1,1
"East17",3297,2,0,0,19,567,11,9,13,122,0,3,5,3,4,37,0,4,7,2,3,1,11
"East18",3545,1.5,0,0,16,436.5,4,3,16,87,2,0,3,2,8,32,0,3,3,3,1,0,5
"East19",3817,2,0,1,13,443,8,5,11,74,4,2,2,4,5,29,0,5,2,3,2,0,10
"East20",4072,3.5,0,1,11,432,12,3,7,55,2,0,5,3,6,20,1,11,4,2,0,1,3
"East21",4294,2,0,0,11,451,2,9,8,59,0,0,3,1,4,23,2,5,4,2,1,0,2
"East22",4545,1.5,0,0,11.5,391.5,4,4,13,46,0,1,4,3,6,27,1,6,5,2,0,0,7
"East23",4671,4,0,0,14,558,4,7,11,84,2,2,5,8,7,30,0,10,11,4,1,1,11
"East24",4917,3,0,0,3.5,454.5,8,6,7,43,1,0,1,2,5,27,0,11,9,5,2,0,8
"East25",5040,0,0,0,7,371.5,10,4,17,49,0,0,3,3,7,31,0,3,12,4,0,0,2
"East26",5293,1,0,0,14,463.5,19,3,7,37,3,1,1,0,4,35,1,13,14,4,1,3,8
"East27",5415,2.5,0,2,8,411,13,0,9,30,0,3,1,4,10,24,0,11,7,7,1,1,1
"East28",5540,0,0,0,17.5,375,10,3,7,22,0,0,1,4,10,39,1,14,6,6,0,3,3
"East29",5668,0,0,1,17,445,8,2,4,24,1,0,0,3,7,27,0,9,10,1,0,0,0
"East30",5794,0.5,0,0,13.5,496,9,3,8,23,1,2,0,2,7,30,0,9,5,3,3,0,5
"East31",5917,1,0,0,7,711,4,0,8,35,1,3,4,13,11,43,0,22,5,6,1,2,7
"East32",6053,0.5,0,1,2.5,405,5,5,9,26,1,0,3,2,7,16,0,10,9,5,1,3,4
"East33",6329,2,0,0,10.5,389.5,3,3,5,34,2,0,2,1,4,31,0,21,6,6,0,0,7
"East34",6629,0,0,1,1.5,369,2,0,10,27,1,1,1,4,4,28,0,13,7,1,1,0,5
"East35",6742,4,0,1,6,400.5,1,4,7,46,1,2,0,2,12,32,0,13,6,4,1,0,4
"East36",7020,0.5,0,0,12.5,407,0,3,4,25,1,1,3,3,7,25,0,22,7,4,1,0,4
"East37",7155,1.5,0,0,15,375.5,2,3,6,30,2,3,2,2,12,25,1,14,6,3,1,4,4
"East38",7293,1,0,0,11,664,0,1,2,48,4,2,3,6,19,43,0,18,5,6,2,8,12
"East39",7433,2.5,0,3,4,438.5,0,0,5,27,0,0,0,5,5,23,0,13,7,2,0,0,7
"East40",7573,0.5,0,0,5.5,454,0,2,7,45,1,1,1,1,9,22,0,13,13,2,0,2,6
"East41",7714,5,0,1,4.5,437,0,0,2,21,0,0,0,1,3,12,1,7,9,2,0,2,9
"East42",7855,3,0,0,9.5,373.5,0,3,4,60,2,1,0,2,5,28,0,9,7,7,3,2,7
"East43",8133,4,0,1,9,427,0,3,11,39,4,2,0,5,11,19,0,10,7,3,3,1,4
"East44",8272,7.5,0,0,17.5,387.5,0,1,7,33,0,2,0,3,7,26,1,7,4,10,2,5,7
"East45",8382,12,0,1,31,706,0,3,4,46,1,2,0,1,13,44,0,12,10,7,4,2,6
"East46",8474,0.5,0,0,10.5,234,0,0,1,15,1,0,0,4,3,23,0,11,14,8,1,6,7
"East47",8724,7,0,0,26,549,0,4,7,37,1,0,0,3,17,30,0,7,13,13,2,1,13
"East48",8958,2,0,3,20.5,392.5,0,1,1,38,1,4,0,2,5,22,0,8,15,5,1,2,5
"East49",9048,2.5,0,2,19,341.5,0,1,3,22,1,1,0,3,5,26,0,6,7,3,2,0,5
"East50",9138,17,0,0,40,501,0,1,3,61,0,2,0,6,16,57,0,35,9,7,0,4,9
"East51",9266,3,0,1,36,374.5,0,0,3,45,1,0,0,1,5,24,0,8,3,12,1,1,6
"East52",9387,4,0,3,29,263,0,4,2,27,0,1,1,3,16,34,0,11,5,6,0,0,1
"East53",9469,1,0,0,69,368,0,0,0,11,3,2,1,0,8,14,0,6,3,9,3,3,3
"Guar1",451,3.5,0,4,22.5,145,41,15,17,235,2,5,8,10,18,35,3,23,5,1,0,0,1
"Guar2",707,9,0,4,17.5,203,44,40,20,240,1,2,14,14,19,35,2,29,12,7,2,0,0
"Guar3",1348,11,0,3,14,142.5,39,18,26,290,2,1,6,13,24,60,4,30,10,6,1,2,4
"Guar4",1667,1,0,4,8,140.5,27,13,19,274,1,2,8,4,17,40,3,24,3,2,0,1,2
"Guar5",2306,2,0,1,6,193,18,23,25,292,1,1,8,6,12,32,3,34,6,6,1,2,4
"Guar6",2939,4,0,2,13.5,143,18,12,14,229,1,1,4,4,24,24,4,12,6,4,0,0,1
"Trou1",-29,0,0,1,5,259.5,1,4,4,49,0,0,0,0,3,20,0,1,18,5,0,9,11
"Trou2",160,5,0,4,20,301,8,0,23,60,0,5,1,1,6,14,3,3,24,4,0,0,6
"Trou3",545,8,0,1,18,266,17,3,14,144,2,0,11,0,4,15,0,5,33,9,0,1,0
"Trou4",924,3.5,0,4,40.5,198.5,33,4,21,150,0,5,18,0,4,17,0,10,7,6,0,0,3
"Trou5",1304,9,0,1,11,213,17,8,11,148,1,3,14,0,10,20,0,12,3,5,0,0,4
"Trou6",1684,5,0,4,25,196,17,4,14,156,0,0,6,1,11,28,0,8,3,6,0,2,3
"Trou7",2442,1,0,3,11,263,16,8,7,158,0,2,7,6,7,22,0,11,10,6,0,2,0
"Trou8",2824,3,0,4,12,250,17,10,8,164,0,2,10,5,0,19,0,6,2,6,0,3,2
"Trou9",3205,2.5,0,0,8.5,317,13,8,7,135,0,1,6,4,7,25,0,12,4,5,0,0,0
"Trou10",3397,4,0,1,16,267,16,6,15,176,1,3,12,2,11,29,1,5,5,6,0,0,3
"Trou11",3589,4,0,0,14,382.5,8,6,14,129,0,3,2,3,9,25,0,10,3,4,0,0,4
"Trou12",3858,0.5,0,6,11.5,292,13,12,9,56,1,1,3,0,4,37,1,8,1,8,1,2,2
"Trou13",3870,0.5,0,8,8.5,270.5,23,6,7,32,0,1,3,2,1,24,0,8,6,5,1,0,3
"Buck1",-34,3,0,0,11,83,18,13,0,100,0,0,11,0,3,14,1,6,13,1,2,0,4
"Buck2",-20,7,0,0,12,83,18,7,0,97,0,0,3,0,1,17,0,2,16,3,1,0,1
"Buck3",-7,3,0,0,13,98,18,11,0,93,1,1,9,0,2,22,0,5,23,6,3,0,7
"Buck4",8,3,0,0,5,91,23,18,0,108,0,0,7,0,3,23,0,5,15,3,3,0,2
"Buck5",21,8,0,0,19,102,18,10,0,99,2,0,5,0,5,8,0,3,9,2,1,0,2
"Buck6",36,5.5,0,0,0,96,29,5,0,109,1,1,7,0,9,16,0,3,7,2,1,0,2
"Buck7",49,2,0,0,8,101,29,6,0,108,0,1,6,0,0,14,0,1,4,1,1,0,2
"Buck8",63,5,0,1,11,104,30,18,0,86,0,1,6,0,3,22,0,4,4,1,0,0,0
"Buck9",107,0,0,0,7,92,27,6,0,137,0,2,8,0,4,7,0,8,0,4,0,0,0
"Buck10",152,1,0,0,17,93,27,9,0,109,0,1,3,0,3,16,0,4,2,1,2,0,2
"Buck11",301,6,0,0,11,109,29,13,0,104,1,2,2,0,1,9,1,3,1,1,1,0,1
"Buck12",438,2.5,0,0,6.5,118,18,7,0,112,1,0,3,0,4,20,0,2,1,4,0,0,2
"Buck13",740,5,0,0,7,117,21,12,0,103,1,1,2,0,4,14,0,5,2,2,1,0,1
"Buck14",885,1,0,0,10,99,19,12,0,140,0,0,1,0,3,15,0,5,2,3,2,0,1
"Buck15",1180,0.5,0,0,5,102,27,18,0,120,0,0,3,0,0,17,0,1,0,1,0,0,2
"Buck16",1577,1,0,0,2,95,18,5,0,157,0,0,2,0,6,12,0,5,2,3,1,0,1
"Buck17",1882,3,0,5,2,119,12,11,0,140,1,1,7,0,1,18,0,2,1,3,0,0,2
"Buck18",2187,2,0,1,2,119,7,4,0,140,1,1,2,0,4,15,1,5,3,3,1,0,2
"Buck19",2476,3,0,0,1,112,16,12,0,145,0,0,4,0,8,16,1,6,5,1,0,0,1
"Buck20",2877,0,0,0,3,105,12,7,0,142,0,0,2,0,5,15,0,5,1,3,0,0,0
"Buck21",2975,0,0,1,1,130,10,12,0,115,0,0,2,0,3,18,0,2,1,2,0,0,1
"Buck22",3074,1,0,1,2,130,6,6,0,127,1,0,0,0,7,13,0,6,3,1,0,0,3
"Buck23",3321,0,0,0,0,137,9,12,0,160,2,0,1,0,1,17,0,5,1,2,1,0,0
"Buck24",3469,1,0,0,0,110,6,9,0,142,1,1,2,0,4,17,0,8,4,3,0,0,1
"Buck25",3761,2,0,0,1,128,2,5,0,116,0,0,1,0,2,26,0,1,1,4,2,0,1
"Buck26",3950,0,0,1,1,147,3,7,0,109,0,0,1,0,5,23,0,9,2,2,2,0,0
"Buck27",4044,2,0,0,1,118,3,6,0,113,0,0,2,0,6,13,0,5,2,4,1,0,2
"Buck28",4138,2,0,1,0,138,0,10,0,126,0,0,2,0,2,12,0,6,3,5,0,0,2
"Buck29",4232,3,0,0,6,143,1,5,0,104,0,0,0,0,4,21,0,2,2,1,1,0,0
"Buck30",4299,2,0,0,1,120,1,5,0,117,2,1,1,0,12,13,1,1,1,6,0,0,1
"Buck31",4423,0,0,0,2,146,5,7,0,118,1,0,3,0,8,28,0,5,3,3,0,0,3
"Buck32",4613,0,0,0,1,112,2,7,0,117,2,0,0,0,3,20,0,7,2,2,0,0,1
"Buck33",4895,1,0,1,3,133,4,10,0,115,0,1,1,0,0,28,0,4,6,0,0,0,1
"Buck34",5082,2,0,0,0,115,4,15,0,122,0,0,4,0,6,32,0,1,4,5,1,0,2
"Buck35",5225,1,0,1,1,124,5,6,0,113,0,2,1,0,7,29,0,7,7,3,2,0,2
"Buck36",5377,0,0,2,4,118,4,10,0,122,1,3,0,0,3,23,0,5,2,6,1,0,4
"Buck37",5662,1,0,2,3,138,4,12,0,79,0,0,1,0,7,32,1,8,3,3,0,0,3
"Buck38",5851,0,0,1,1,155,7,14,0,62,1,1,2,0,8,24,0,6,2,4,1,0,1
"Buck39",6020,1,0,0,2,160,17,16,0,49,1,1,2,0,1,35,0,6,5,5,1,0,1
"Buck40",6219,0,0,0,1,149,25,10,0,68,0,0,1,0,7,21,0,7,2,3,0,0,3
"Buck41",6298,1,0,0,4,143,40,8,0,42,0,1,1,0,5,27,0,9,1,3,1,0,2
"Buck42",6535,0,0,0,1,215,25,4,0,36,1,0,0,0,6,27,0,4,7,3,0,0,1
"Buck43",6655,0,0,2,0,155,17,2,0,28,0,1,0,0,6,21,0,15,3,0,0,0,1
"Buck44",6739,0,0,3,0,192,2,6,0,33,0,2,1,0,7,36,0,6,4,8,1,0,3
"Buck45",6997,0,0,2,3,209,0,5,0,19,0,1,1,0,10,30,0,5,1,5,0,0,0
"Buck46",7320,2,0,2,0,204,1,5,0,39,1,0,0,0,10,17,0,10,1,4,3,0,2
"Buck47",7639,0,0,2,1,260,1,1,0,35,0,1,0,0,3,7,0,5,5,0,0,0,0
"Buck48",7896,6,0,2,12,222,0,2,0,40,1,1,0,0,8,13,0,7,5,4,0,0,3
"Buck49",8208,3,0,1,15,256,0,0,0,19,2,1,0,0,2,13,0,7,2,4,0,0,1
"Buck50",8393,20,0,1,34,182,0,2,0,17,2,0,0,0,7,36,0,4,4,17,0,0,0
"Kerr1",865,0,0,1,3,123,39,15,16,104,0,10,0,4,18,3,4,7,4,2,0,1,0
"Kerr2",1788,0,0,0,2,143,42,16,13,106,0,5,0,2,20,2,1,7,2,0,0,0,0
"Kerr3",2696,0,0,0,2,188,37,27,12,76,0,3,0,4,3,0,0,5,4,5,0,0,0
"Kerr4",3607,0,0,0,2,222,4,27,19,52,0,10,0,4,5,4,1,5,3,3,0,0,0
"Kerr5",4530,0,0,0,1,215,15,19,9,57,0,3,0,7,5,3,3,9,5,2,0,0,0
"Kerr6",5448,0,0,0,1,244,6,24,11,50,0,11,0,14,9,5,0,16,10,3,0,0,0
"Kerr7",6373,0,0,1,1,220,1,25,7,47,0,7,0,5,4,1,5,10,9,5,0,0,0
"Kerr8",7287,0,0,0,0,206,0,25,11,63,0,15,0,4,4,3,4,13,6,6,0,0,0
"Kerr9",8190,0,0,0,7,286,0,6,6,23,0,4,0,2,1,0,0,2,9,5,0,0,0
"Kerr10",8621,0,0,0,4,287,0,6,11,23,0,3,0,0,0,0,1,6,7,7,0,0,0
"Croo1",-12,6,1,4,3,340,43,3,5,72,0,0,0,3,0,6,1,6,1,5,0,0,2
"Croo2",229,0,0,0,0,316,39,6,4,84,0,4,0,2,0,12,0,0,1,2,0,0,0
"Croo3",777,0,0,0,1,322,60,5,5,122,1,0,0,0,0,11,1,3,0,6,0,0,0
"Croo4",1321,0,0,0,11,348,41,7,3,82,5,0,0,1,1,5,0,0,5,0,0,1,1
"Croo5",1769,0,0,0,5,338,30,8,2,68,1,2,0,3,4,3,0,3,2,1,0,0,0
"Croo6",2133,0,0,0,3,372,41,2,0,68,0,0,0,4,0,4,2,7,0,0,0,0,0
"Croo7",2499,0,0,0,2,386,22,15,7,70,0,2,0,0,0,5,0,1,3,2,0,2,0
"Croo8",2869,0,0,0,3,322,21,8,3,81,0,0,0,2,0,9,0,6,2,1,0,0,0
"Croo9",3239,0,0,0,14,389,27,3,8,60,4,1,0,4,0,0,0,1,3,1,0,2,0
"Croo10",3606,2,0,0,6,430,31,6,4,40,0,0,0,2,0,10,0,3,2,4,0,0,2
"Croo11",4076,0,1,0,0,452,16,6,5,47,0,4,0,0,0,27,0,0,7,0,0,0,4
"Croo12",4637,0,0,0,0,534,7,6,7,29,0,6,0,0,0,13,0,1,2,0,0,0,0
"Croo13",4916,0,0,0,0,466,3,11,13,27,2,3,0,0,0,19,0,6,1,2,0,0,0
"Croo14",5470,0,2,0,7,396,2,3,6,46,0,0,0,0,4,27,3,5,2,0,0,0,0
"Croo15",6032,0,0,0,1,430,19,8,7,36,0,3,0,1,6,17,0,1,2,3,0,0,1
"Croo16",6654,0,0,0,2,464,1,7,13,15,1,4,0,0,1,23,2,5,4,0,0,0,0
"Croo17",7292,0,0,0,27,486,0,12,4,12,0,0,0,0,3,10,1,9,1,1,0,0,0
"Croo18",7961,0,0,0,0,544,0,0,5,26,0,0,0,0,0,2,0,3,2,1,0,3,0
"Croo19",8641,0,0,0,0,478,0,0,10,24,0,0,0,0,1,7,0,9,3,1,0,1,0
"Croo20",8988,0,0,0,0,536,0,2,3,26,1,0,0,0,1,7,0,0,3,1,0,1,0
"Croo21",9332,0,0,0,0,564,0,0,2,11,0,0,0,0,0,5,0,0,0,0,0,2,0
"Croo22",9472,0,0,0,0,554,0,0,0,12,0,1,0,0,0,1,0,0,0,0,0,2,0
"Croo23",9809,0,0,0,0,566,0,0,4,8,0,0,0,0,0,11,0,3,0,0,0,0,0
"Croo24",10136,0,0,0,0,74,0,0,0,5,0,4,0,0,0,10,0,0,0,0,0,0,0
"Jay 1",36,10,10,1,3,112,106.5,15,16,190,0,3,0,0,2,28,4,6,16,2,3,6,1
"Jay 2",165,3.5,5,0,7.5,184.5,55.5,29,8,378,0,5,0,1,4,21,13,15,30,2,1,6,2
"Jay 3",308,9.5,0,1,10.5,204.5,81,23,11,215,1,2,1,0,4,22,1,6,8,6,0,2,0
"Jay 4",680,2,1,5,3.5,189.5,125,15,13,220,1,2,1,0,6,10,1,12,5,4,2,1,2
"Jay 5",891,4.5,2,3,4.5,189,83.5,23,14,223,0,1,0,0,4,15,2,12,3,3,1,2,1
"Jay 6",1113,5,3,0,1.5,161.5,95,18,6,181,1,1,2,0,5,23,1,3,4,2,0,1,3
"Jay 7",1336,6.5,2,0,3,170.5,57,19,14,355,0,2,2,0,1,27,0,12,3,1,0,0,1
"Jay 8",1783,5,0,0,0.5,214,127.5,16,17,186,1,4,1,0,8,21,0,9,4,8,1,4,1
"Jay 9",2327,3,1,2,0,205,123.5,8,10,141,1,2,0,0,5,22,1,8,5,0,0,2,0
"Jay 10",2946,2.5,0,0,0.5,296,17,29,19,166,1,5,2,0,12,53,0,7,4,0,1,1,3
"Jay 11",3568,5.5,1,0,1.5,253,4,16,30,110,0,6,0,0,6,95,1.33,5,5,5,2,1,0
"Jay 12",3937,1.5,0,0,0.5,346,3,19,29,104,1,13,0,0,6,90,1,7,8,7,0,7,1
"Jay 13",4070,3,3,0,1.5,375.5,2,11,32,75,0,4,1,0,10,61,2,12,2,3,1,1,1
"Jay 14",4327,6,0,0,3.5,586,4,22.33,59,185,1,8,0,0,9,101,2,11,9,8,4,4,2
"Jay 15",4453,1,0,0,0,321,3,15,38,117,0,4,0,0,10,63,5,8,5,4,1,3,2
"Jay 16",4834,1.5,0,0,0.5,321,7,25,31,108,0,7,0,0,32,76,3,11,2,5,0,4,3
"Jay 17",5466,2.5,0,1,1.5,226,11,15,23,136,0,3,0,0,17,61,5,14,8,3,2,5,1
"Jay 18",5821,2,3,0,0,297.5,1.5,27,18,113,0,2,0,1,24,47,4,22,5,8,0,2,3
"Jay 19",6183,0.5,1,1,0,324,0,13,18,89,1,5,0,0,6,44,3,16,5,4,2,3,3
"Jay 20",6541,3,0,1,0,194.5,1,23,22,80,0,8,0,0,28,63,3,19,4,7,2,4,3
"Jay 21",6905,3.5,0,0,1,363,0,14,5,85,0,8,0,0,27,42,4,19,11,5,1,3,2
"Jay 22",7634,4,0,1,0,398,0,10,14,56,2,4,0,0,12,20,0,16,5,9,0,7,4
"Jay 23",8007,3.5,0,0,1,389,0,6,27,171,1,7,0,0,2,18,0,13,5,4,2,5,5
"Jay 24",8371,3,1,0,1.5,318.5,0,2,26,75,0,4,0,0,8,12,0,10,5,3,2,3,6
"Jay 25",8745,1.5,0,0,1.5,325.5,0,2,43,75,0,5,0,0,2,12,0,15,12,12,1,6,7
"Jay 26",8991,3.5,1,1,0,383,0,4,31,95,1,10,0,0,7,17,0,15,4,5,4,3,4
"Jay 27",9353,6,0,0,5.5,349,0,5,24,57,0,1,0,0,2,11,0,11,7,4,4,3,6
"Jay 28",9492,9,1,0,15.5,218.5,0,1,12,129,2,0,0,0,3,22,0,14,7,3,0,3,4
"Jay 29",9608,9,1,0,17.5,284,0,0,24,123,0,3,0,0,5,20,0,12,4,5,11,1,6
"Jay 30",9745,12,0,1,31.5,389.5,0.5,0,34,116,1,0,0,0,4,17,0,23,9,10,15,9,6
"Jay 31",10019,7.5,2,2,15.5,314,0,2,25,81,0,0,0,0,14,18,0,25,5,5,7,0,7
"Jay 32",10144,4,0,1,35,263,0,5,23,33,1,0,0,0,5,18,0,35,0,7,8,3,8
"Jay 33",10360,5,1,0,52.5,309,0,2,21,50,1,1,0,0,5,13,0,37,4,5,15,2,9
"Lake1",-38,2.5,7,0,6,200,13,8.33,23,127,0,3,1,0,0,53,1,6,14,6,1,3,6
"Lake2",52,0,0,1,6,247.5,14,6,23,133,0,3,0,0,4,46,0,9,31,3,0,9,5
"Lake3",204,2.5,4,1,9,305.5,17.5,8.33,23,152,1,2,0,0,2,32,1,4,30,2,0,10,4
"Lake4",423,2.5,5,0,5,598.5,40,10,16,138,0,3,0,0,3,25,0,10,4,7,2,0,0
"Lake5",876,0,1,1,1,333.5,23,2.33,25,98,0,2,0,0,0,23,1,5,3,1,3,2,0
"Lake6",1332,3.5,4,1,4.5,529.5,35,10.67,27,160,0,4,0,0,6,25,0,7,4,7,3,2,7
"Lake7",1779,0.5,11,1,4,363.5,12.5,4,15,101,0,5,0,0,5,29,0,3,3,3,0,1,2
"Lake8",2467,0,3,2,3,294,13,5,7,71,0,1,1,0,1,18,0,3,2,1,0,0,4
"Lake9",2697,2.5,3,2,9.5,527,29.5,5,20,59,0,6,1,0,1,21,0,10,2,3,0,1,1
"Lake10",2934,3.5,2,3,7.5,563.5,7,7,20,79,0,2,2,0,2,22,0,6,3,6,0,0,1
"Lake11",3147,2,7,2,5,440,10,5,22,42,0,0,2,0,3,23,0,4,2,4,3,1,0
"Lake12",3308,1.5,5,3,2.5,511.5,7,4,20,45,0,0,0,0,2,21,1,5,3,6,0,1,5
"Lake13",3472,6,7,0,6,528.5,4.5,5.67,34,46,0,5,2,0,3,19,0,3,4,3,1,1,5
"Lake14",3638,2,8,4,3.5,463,0,5,22,36,0,0,0,0,6,23,1,3,2,1,1,2,3
"Lake15",3963,1,0,0,3.5,661.5,1,4,25,47,0,1,0,0,1,39,0,7,7,1,0,1,1
"Lake16",4330,0.5,4,0,5,358,1,7,16,14,0,2,0,0,5,24,0,4,6,2,1,0,5
"Lake17",4563,2,5,0,2,463.5,1,10,28,35,0,1,0,0,2,59,1,4,6,1,1,1,8
"Lake18",5022,2,10,0,1.5,602.5,4,8,15,20,0,1,0,0,9,38,0,4,3,5,2,3,1
"Lake19",5477,7.5,1,4,4.5,703.5,6.5,10,25,61,0,2,1,0,7,47,0,12,8,5,9,8,11
"Lake20",5711,0,0,0,0,293.5,2.5,4,25,41,0,2,0,0,5,45,0,9,5,6,0,2,4
"Lake21",5939,2,0,0,3,322.5,0,6,33,39,1,3,0,0,3,66,1,8,7,6,1,3,6
"Lake22",6196,2,0,0,1,419.5,0,9,62,86,0,2,1,0,13,66,2,44,22,17,0,3,5
"Lake23",6553,1,2,0,7,406.5,0,13,44,75,0,3,1,0,13,43,4,35.2,12,16,1,5,13
"Lake24",7245,0,1,0.5,2,288.5,0,5,19,47,2,5,0,0,10,54,0,22,27,10,0,5,18
"Lake25",7957,0,0,0,2.5,348,2,3,22,68,0,1,0,0,6,22,0,20,12,11,0,2,6
"Lake26",8604,3.5,2,0,2.5,587,0,2,26,35,3,2,0,0,13,19,0,12,6,3,1,7,3
"Lake27",9129,5.5,0,1,16,300,0,1,13,22,0,2,0,0,9,16,0,16,7,18,2,3,9
"Lake28",9672,3.5,2,0,13,483.5,0,7,7,50,2,2,0,0,13,33,0,70,7,8,1,2,3
"Lake29",10196,2,3,4,20,421,0,3.33,4,33,3,4,0,0,11,53,0,38,8,10,1,2,2
"Lake30",10482,10.5,3,2,33.5,427,0,2,1,9,4,1,0,0,2,23,0,14,3,1,0,2,1
"Lake31",10760,1,3,1,88.5,220.5,0,3,0,15,0,0,0,0,3,30,0,7,1,19,0,1,4
"Lake32",11030,1.5,12,1,112,14,0,5.17,6,72,1,7,1,0,0,46,1,40,9,32,1,2.5,11
"Lake33",11334,0,7,0,57.5,4.5,0,1,17,214,0,3,0,0,11,13,0,7,7,26.33,0,1,19
"Lake34",11622,0,4,0,103,5.5,0,0,23,176,0,8,0,0,7,11,0,9,26,76,12,9,37
"Lake35",11704,0,9,0,85.5,5.5,0,0,2,125,0,0,0,0,3,9,0,4,18,68,4,5,13
"Ryrs01",603,9,12,5,22,184,46,26,19,205,2,2,48,7,10,27,1,12,8,2,0,0,1
"Ryrs02",755,10,0,3,16,218,36,27,20,282,1,0,55,4,8,39,0,15,5,1,4,0,4
"Ryrs03",946,7,12,7,19,138,45,10,2,206,1,1,53,8,5,42,0,7,5,4,1,2,0
"Ryrs04",1136,2,5,4,9,154,44,17,19,223,3,1,42,1,5,23,0,3,6,1,1,1,2
"Ryrs05",1255,6,11,5,11,164,30,15,9,231,1,1,15,5,10,30,0,16,6,4,0,1,1
"Ryrs06",1410,5,3,4,8,179,52,14,8,220,2,1,19,3,8,36,1,5,2,4,0,1,1
"Ryrs07",1525,6,4,6,13,160,51,24,10,228,1,1,23,4,15,24,1,11,6,5,1,0,2
"Ryrs08",1845,3,4,0,8,176,45,13,10,288,0,2,18,1,7,24,0,7,7,5,2,0,1
"Ryrs09",2055,4,2,2,17,158,51,12,14,230,4,1,18,0,5,34,1,6,2,3,0,0,1
"Ryrs10",2300,6,0,2,15,168,39,17,19,249,0,2,31,0,8,26,2,8,11,2,1,0,0
"Ryrs11",2545,6,5,3,14,180,45,17,12,266,3,2,14,6,15,25,0,9,4,0,0,0,2
"Ryrs12",2815,2,8,0,11,168,19,8,4,330,0,0,8,2,2,30,0,9,8,1,1,1,0
"Ryrs13",3065,6,0,2,10,145,18,7,16,358,0,2,5,1,13,29,1,13,4,2,0,2,1
"Ryrs14",3465,8,10,2,12,202,38,10,10,319,0,4,18,4,9,36,2,7,5,4,0,1,1
"Ryrs15",3725,4,11,1,9,179,14,11,8,233,3,3,5,2,8,46,0,10,8,2,0,0,0
"Ryrs16",4085,4,1,2,11,264,22,11,16,276,0,2,4,5,13,95,0,12,4,7,3,2,2
"Ryrs17",4475,3,11,5,7,152,7,11,16,283,1,5,2,3,8,60,0,6,7,6,0,0,1
"Ryrs18",4890,9,1,2,5,327,73,17,19,135,0,1,5,4,24,108,0,21,7,7,1,2,3
"Ryrs19",5375,3,6,5,6,273,23,9,20,141,0,3,3,8,22,72,0,6,9,5,0,4,5
"Ryrs20",5700,4,2,1,7,412,138,11,18,54,1,2,0,3,20,45,1,10,10,6,1,1,1
"Ryrs21",6065,7,9,6,9,453,58,8,11,33,0,3,0,2,16,62,0,5,9,2,0,1,2
"Ryrs22",6400,5,0,3,16,769,15,8,5,68,1,2,0,3,18,36,1,12,12,5,2,2,1
"Ryrs23",6770,4,3,0,8,632,1,6,6,42,0,1,0,3,11,48,0,18,5,4,0,2,1
"Ryrs24",7265,4,0,0,3,610,5,8,7,48,2,0,1,8,19,49,0,21,8,6,0,1,3
"Ryrs25",7810,1,2,0,8,504,2,4,5,30,0,1,0,1,12,22,1,13,10,3,0,1,2
"Ryrs26",8430,6,1,4,11,601,0,0,8,37,1,2,0,3,15,22,0,8,6,2,0,1,1
"Ryrs27",9290,5,3,1,12,512,0,5,6,15,3,1,1,4,3,19,0,4,4,2,0,2,0
"Ryrs28",9705,8,1,1,26,853,0,1,2,17,0,2,0,0,3,12,0,7,6,5,2,2,2
"Ryrs29",10105,7,0,0,29,785,0,0,1,4,0,1,0,0,0,3,0,2,3,2,0,1,0
"Capi1",-6,0,0,1,1,115,22,1,0,90,1,0,1,6,3,35,1,13,34,2,2,6,11
"Capi2",255,1,0,0,4,110,22,3,0,105,0,1,0,2,11,21,0,6,27,6,0,6,5
"Capi3",405,0,0,0,1,149,36,3,0,82,0,0,0,3,1,16,0,11,5,5,0,0,2
"Capi4",556,3.5,0,2,2,322,97,12,0,151,0,2,0,16,7,35,4,14,15,9,3,3,4
"Capi5",857,0,0,5,21,161,27,3,0,74,0,2,0,2,0,20,0,5,4,1,0,1,0
"Capi6",1161,2,0,2,3,155,32,6,0,73,0,0,0,2,0,17,0,5,6,3,0,0,1
"Capi7",1452,2,0,4,1,167,20,5,0,68,0,1,0,2,0,17,3,4,1,3,1,3,1
"Capi8",1748,4,0,3,8.5,324.5,37,6,0,189,3,3,0,7,3,41,2,17,4,9,1,1,1
"Capi9",2046,0,0,0,4,165,36,2,0,64,0,0,0,0,1,18,1,3,2,5,0,0,2
"Capi10",2194,0,0,1,4,145,22,4,0,78,1,2,2,5,5,19,0,6,6,2,0,1,1
"Capi11",2342,0,0,1,3,113,30,8,0,87,3,0,1,2,3,24,1,4,1,6,0,1,6
"Capi12",2489,3,0,0,6,113,31,6,0,103,0,0,0,3,5,29,0,9,2,4,1,1,0
"Capi13",2783,2,0,0,2,144,29,5,0,98,2,0,0,4,4,15,2,4,5,2,2,0,0
"Capi14",2932,1.5,0,1,1.5,297.5,37.5,18,0,241,1,1,0,8,10,49,1,17,6,9,1,2,3
"Capi15",3059,1,0,0,3,153,3,6,0,96,0,2,0,3,3,17,0,7,5,4,9,1,3
"Capi16",3263,2,0,0,0,184,3,1,0,69,0,1,0,4,5,16,1,9,6,4,1,0,0
"Capi17",3372,1,0,3,1,246,1,2,0,83,1,7,0,2,7,49,2,13,3,7,1,1,0
"Capi18",3477,4,0,0,2,149,1,5,0,64,0,9,0,5,16,38,0,7,5,1,0,3,5
"Capi19",3691,4,0,0,1,176,2,1,0,48,1,2,0,0,6,42,0,11,2,4,1,1,0
"Capi20",3910,2.5,0,0,4.5,504,3,8,0,90,1,8,0,11,6,92,3,21,19,6,8,4,13
"Capi21",4018,6,0,0,1,214,3,3,0,26,2,0,0,4,4,30,1,7,9,3,1,1,3
"Capi22",4126,1,0,0,2,198,4,2,0,34,0,0,0,1,4,39,0,4,9,1,1,0,5
"Capi23",4232,2.5,0,0,2,390,3,13,0,67,1,7,0,12,7,89,2,25,14,12,4,2,9
"Capi24",4448,4,0,0,0,194,0,0,0,30,1,0,0,4,8,31,0,8,8,3,0,2,5
"Capi25",4665,1,0,3,0,432,3,6,0,61,1,4,0,13,5,71,1,29,7,6,1,9,3
"Capi26",4880,0,0,0,0,231,0,9,0,29,2,0,0,11,12,43,0,6,8,6,1,4,3
"Capi27",5101,3.5,0,2,2,456,5,4,0,60,0,3,0,13,6,60,1,22,11,8,5,4,6
"Capi28",5320,0,0,2,0,226,4,2,0,41,0,4,0,9,9,31,0,10,3,3,3,3,0
"Capi29",5534,1.5,0,0,1,525.5,0,6,0,40,0,4,0,7,3,52,0,24,17,12,2,10,3
"Capi30",5950,1.5,0,0,0,437.5,0,7,0,57,1,2,0,12,3,67,3,40,9,15,2,6,9
"Capi31",6365,1.5,0,1,2,464,0,9,0,49,1,3,1,7,4,54,1,41,12,11,2,3,9
"Capi32",6788,1,0,2,1,216,0,1,0,22,1,0,0,5,5,23,2,15,6,1,0,3,4
"Capi33",7208,3.5,0,2,1,354,0,4,0,37,0,2,0,7,17,50,3,32,17,7,5,5,10
"Capi34",7626,8.5,0,2,0,421,0,5,0,22,3,1,1,12,12,39,2,29,8,7,0,7,11
"Capi35",7937,0.5,0,1,1.5,226,0,2,0,36,0,1,0,3,12,27,2,0,13,7,1,2,14
"Capi36",8339,0.5,0,0,0,261,0,1,0,23,0,1,0,2,10,21,0,23,11,5,1,3,2
"Capi37",8743,1.5,0,0,0,325.5,0,0,0,21,0,0,0,7,5,19,0,15,6,6,0,5,3
"Capi38",9148,4.5,0,1,10.5,357.5,0,1,0,24,1,0,0,8,15,25,2,42,0,7,2,1,2
"Capi39",9557,0,0,0,26,146.5,0,1,0,73,1,1,0,2,8,12,0,22,10,6,1,3,9
"Lorr1",-30,3,20,0,8,122,31,9,0,136,1,0,10,1,5,22,0,3,23,3,3,5,5
"Lorr2",29,2,18,3,7,140,49,13,7,92,0,0,9,2,4,14,0,4,25,2,1,4,4
"Lorr3",90,7,20,2,12,128,45,15,10,88,0,0,14,1,2,19,0,0,23,1,3,6,3
"Lorr4",150,4,20,2,12,131,48,6,9,90,1,0,16,0,4,13,0,2,35,3,1,1,5
"Lorr5",162,5,7,6,8,185,60,12,7,106,0,1,11,3,2,19,0,6,23,5,0,0,8
"Lorr6",181,11,13,2,12,209,66,9,8,106,0,0,11,2,2,13,1,6,15,1,2,1,3
"Lorr7",193,3,17,6,14,208,83,8,10,113,2,0,16,0,0,19,0,8,12,1,0,1,1
"Lorr8",210,4,18,5,12,193,97,10,3,98,0,2,9,0,3,16,0,3,14,3,1,2,3
"Lorr9",223,4,13,3,19,168,73,9,8,137,1,0,19,2,3,26,0,5,13,2,1,2,2
"Lorr10",241,2,13,7,18,201,89,8,11,148,0,0,20,4,3,25,0,4,13,5,1,1,0
"Lorr11",294,0,21,0,16,267,86,13,5,119,0,1,20,1,6,15,0,7,9,3,0,0,4
"Lorr12",349,4,25,2,12,198,76,10,9,99,0,0,15,1,4,7,1,3,1,0,0,1,0
"Lorr13",496,13,12,3,6,195,102,7,6,72,1,0,21,3,4,23,0,2,5,6,0,0,2
"Lorr14",641,2,17,1,12,195,88,6,10,65,0,0,22,1,6,13,0,2,5,5,2,1,2
"Lorr15",825,1,11,2,7,166,99,6,7,67,0,1,13,5,2,6,0,6,3,0,1,0,2
"Lorr16",970,2,25,3,15,191,162,22,5,110,0,0,22,4,2,22,0,4,7,3,4,0,0
"Lorr17",1114,1,27,3,3,157,85,11,9,66,0,0,7,4,2,16,0,5,1,3,1,1,2
"Lorr18",1261,3,15,5,12,148,109,7,6,66,0,1,14,3,3,14,0,3,0,0,2,0,1
"Lorr19",1409,2,18,1,10,145,81,11,6,70,1,0,14,2,0,16,0,2,4,2,0,1,2
"Lorr20",1558,3,5,5,4,190,68,8,6,61,0,0,12,2,3,11,0,5,2,2,0,0,0
"Lorr21",1705,4,19,2,6,186,69,8,7,59,0,0,18,0,3,16,0,3,0,3,1,0,2
"Lorr22",1852,3,17,2,8,146,91,9,14,62,1,2,23,2,3,15,0,2,3,1,0,0,2
"Lorr23",1997,3,16,5,7,197,66,5,8,57,0,0,23,5,2,14,1,4,1,2,2,1,1
"Lorr24",2141,1,26,4,7,217,94,7,9,92,2,0,14,1,4,13,1,3,0,1,1,1,0
"Lorr25",2286,1,18,7,7,221,87,8,7,88,1,0,12,8,2,23,0,6,1,5,1,1,1
"Lorr26",2435,1,14,4,3,235,23,4,12,57,1,1,8,2,4,11,0,5,0,4,0,0,3
"Lorr27",2581,3,15,0,3,198,44,1,6,54,0,0,14,6,4,17,0,7,1,4,0,1,1
"Lorr28",2729,0,8,1,6,217,52,13,9,87,1,0,9,2,1,20,0,2,2,1,0,0,1
"Lorr29",2877,1,2,1,5,262,14,2,3,42,0,0,6,0,4,10,1,3,0,1,0,0,1
"Lorr30",3025,0,11,3,10,283,38,6,8,64,0,0,10,7,1,12,1,1,3,3,1,3,1
"Lorr31",3061,2,9,3,4,362,26,5,14,86,1,0,10,5,2,12,0,5,3,3,0,1,3
"Lorr32",3099,1,11,4,3,299,33,11,6,52,0,0,13,0,2,16,0,2,0,3,3,2,3
"Lorr33",3135,2,12,1,4,319,27,3,9,81,1,0,2,3,2,21,0,3,3,2,1,2,0
"Lorr34",3171,0,8,0,6,301,13,4,5,38,0,0,0,1,3,15,0,4,1,2,1,0,1
"Lorr35",3208,2,10,0,5,345,26,6,7,63,0,0,5,0,1,13,0,6,0,2,0,1,4
"Lorr36",3244,3,2,1,5,411,17,4,3,39,0,0,7,2,1,7,0,0,3,2,0,0,2
"Lorr37",3326,0,11,2,2,341,26,6,4,54,0,2,0,2,1,11,0,3,2,3,0,1,1
"Lorr38",3523,1,11,0,1,290,15,3,16,43,0,1,0,2,3,7,0,1,1,3,2,0,0
"Lorr39",3725,0,10,2,1,319,12,3,9,66,0,0,1,1,3,11,0,2,0,2,0,0,2
"Lorr40",3925,0,0,0,5,342,7,4,2,34,0,0,1,1,1,6,0,1,2,3,0,0,1
"Lorr41",4123,2,4,2,0,317,5,5,2,37,0,2,2,1,4,7,0,2,4,2,0,0,0
"Lorr42",4323,1,15,1,1,367,6,5,5,62,0,0,3,4,6,31,0,6,4,3,1,2,3
"Lorr43",4523,0,8,1,1,373,8,6,3,55,0,1,2,1,2,32,0,7,4,3,4,1,1
"Lorr44",4724,2,11,5,2,322,5,3,10,42,0,1,2,0,3,21,1,3,2,3,2,1,3
"Lorr45",4926,0,27,0,2,335,4,7,6,35,1,2,0,3,6,21,2,5,3,2,1,1,2
"Lorr46",5127,1,11,0,2,390,3,6,2,19,0,1,0,3,5,22,0,2,3,1,0,1,1
"Lorr47",5177,2,10,1,7,370,7,5,11,36,0,0,0,0,5,13,0,3,2,2,1,2,1
"Lorr48",5228,1,11,1,3,364,5,5,8,27,0,0,2,4,8,26,0,3,3,4,0,1,9
"Lorr49",5279,2,23,1,2,376,5,12,8,45,0,1,3,3,8,43,2,4,5,5,2,1,4
"Lorr50",5329,0,12,0,0,414,6,16,7,42,1,4,1,2,13,34,0,6,6,7,0,0,0
"Lorr51",5380,0,17,5,2,387,10,7,11,42,0,1,0,7,7,46,1,6,5,6,2,4,2
"Lorr52",5429,1,1,2,2,364,5,2,4,21,0,0,0,2,0,24,1,3,2,4,0,1,2
"Lorr53",5479,0,33,2,2,383,11,4,11,32,0,1,0,7,6,18,1,8,8,0,2,1,2
"Lorr54",5528,0,5,1,4,404,20,7,4,22,0,0,2,3,2,16,0,3,4,1,1,2,2
"Lorr55",5578,0,12,2,1,366,35,0,8,22,0,0,2,2,5,19,1,8,2,3,0,0,0
"Lorr56",5652,1,15,0,1,360,24,4,8,38,1,1,0,3,5,20,0,11,3,4,1,1,4
"Lorr57",5802,1,22,0,2,388,14,2,4,19,1,1,1,3,5,30,1,6,5,1,0,2,2
"Lorr58",6105,1,11,1,1,389,7,16,9,30,0,0,1,3,5,29,0,7,3,7,2,3,2
"Lorr59",6416,0,11,0,3,331,17,4,0,20,0,0,1,2,6,24,0,7,5,3,1,0,0
"Lorr60",6723,0,14,0,0,370,14,6,2,26,2,1,1,9,7,30,1,11,4,3,1,0,3
"Lorr61",7030,0,15,1,3,455,7,7,10,24,1,0,0,3,5,21,1,7,3,6,1,4,2
"Lorr62",7335,0,11,1,1,363,6,3,7,25,1,3,0,4,7,45,1,14,3,4,2,1,1
"Lorr63",7637,1,4,0,3,331,1,3,4,23,0,1,0,0,8,28,0,3,4,4,2,1,3
"Lorr64",7953,3,10,1,3,335,0,0,6,25,1,0,1,5,9,13,0,8,4,2,0,2,3
"Lorr65",8327,1,3,2,10,391,0,1,2,24,2,0,0,2,6,17,1,10,2,2,0,5,3
"Lorr66",8962,4,2,3,24,373,0,2,2,36,2,0,0,4,4,20,1,4,2,0,1,3,4
"Lorr67",9606,3,1,6,33,427,0,3,2,8,3,1,0,4,9,35,0,20,1,3,1,1,3
"Lorr68",10238,0,10,6,20,389,0,0,0,11,0,0,0,2,8,22,1,9,1,9,0,2,0
"Lorr69",10857,0,27,9,100,300,0,3,0,10,3,0,0,14,10,48,0,22,3,18,3,1,5
"Lorr70",11460,0,7,1,136,185,0,2,3,16,2,0,0,3,6,59,0,10,2,24,2,2,1
"Pene1",-35,5,3,0,6,52,42,19,17,127,0,2,0,6,3,21,1,2,18,1,0,2,2
"Pene2",3,5,11,0,5,56,29,26,12,111,2,4,0,5,5,29,0,13,15,0,0,2,7
"Pene3",49,1,4,0,7,45,30,19,21,149,0,3,0,0,0,14,3,4,16,5,0,4,4
"Pene4",76,1,0,0,1,37,43,11,9,186,0,1,0,2,0,14,0,5,25,0,1,0,0
"Pene5",93,3,1,2,5,87,29,12,6,161,0,1,0,1,0,5,2,1,6,3,2,1,0
"Pene6",126,6,4,0,3,89,35,19,11,134,0,5,0,3,2,18,3,10,5,1,1,0,0
"Pene7",305,2,0,0,2,86,52,17,9,115,0,3,0,5,3,9,0,15,1,5,0,0,1
"Pene8",722,1,5,0,1,96,57,24,6,116,0,1,0,4,2,14,2,6,1,3,0,0,0
"Pene9",1145,6,0,0,5,140,25,6,5,128,0,1,0,2,2,9,3,2,1,1,1,1,0
"Pene10",1570,1,2,0,4,105,39,8,5,152,0,1,0,3,3,4,0,7,1,1,0,1,1
"Pene11",2004,5,0,0,4,95,44,18,4,121,0,0,0,4,3,15,1,4,0,1,1,1,2
"Pene12",2432,2,3,0,2,131,24,20,9,114,2,4,0,3,5,13,3,9,1,1,0,1,0
"Pene13",2849,2,0,0,1,92,38,9,8,144,0,1,0,4,3,11,0,5,2,0,1,0,1
"Pene14",3260,3,0,0,1,154,17,16,7,90,0,0,1,1,7,14,3,10,0,3,0,0,1
"Pene15",3494,1,3,0,2,176,4,15,8,73,0,3,0,5,3,23,2,2,0,2,3,2,0
"Pene16",3719,2,2,0,1,156,14,10,22,47,0,2,1,5,9,28,7,10,2,2,1,1,0
"Pene17",4198,0,0,0,1,173,9,29,15,31,0,2,0,4,8,36,2,11,2,1,1,0,1
"Pene18",4430,1,0,0,1,175,9,35,10,47,0,1,0,3,5,31,3,9,1,2,0,6,0
"Pene19",4670,0,0,0,1,203,9,17,10,43,0,4,0,0,7,17,3,9,3,2,1,1,1
"Pene20",5037,1,0,0,4,179,16,17,8,34,0,0,0,2,1,31,2,14,4,1,0,0,2
"Pene21",5084,5,3,0,1,171,49,13,6,36,0,2,1,4,3,14,4,6,2,8,1,5,2
"Pene22",5131,2,0,0,1,165,71,7,12,29,0,1,0,5,1,20,2,3,1,2,1,0,1
"Pene23",5178,1,0,0,0,166,48,17,23,31,1,1,0,1,1,18,2,11,4,6,1,2,0
"Pene24",5228,0,0,0,0,148,45,11,10,38,0,4,1,2,4,33,2,14,3,4,0,3,0
"Pene25",5330,2,0,0,1,178,12,18,8,59,0,1,0,4,3,18,2,8,6,5,0,1,0
"Pene26",5432,2,0,0,1,130,5,13,9,126,0,2,0,1,2,24,0,5,2,1,0,2,2
"Pene27",5534,2,0,1,0,157,9,15,16,70,0,1,0,3,2,25,2,7,5,2,0,2,1
"Pene28",5636,2,1,0,0,192,4,3,9,68,0,1,0,4,2,25,1,5,4,1,0,2,0
"Pene29",5741,3,2,0,0,186,0,11,11,75,0,2,0,0,3,19,0,8,4,4,2,2,1
"Pene30",5958,2,4,0,0,222,0,9,11,35,0,3,0,1,4,24,2,8,1,5,1,0,0
"Pene31",6172,1,1,0,1,200,0,8,5,65,0,0,0,4,1,19,0,13,5,0,0,1,0
"Pene32",6454,1,2,1,1,172,0,14,6,60,0,3,0,1,5,30,1,6,6,4,3,1,2
"Pene33",6754,2,3,0,0,218,0,8,5,53,0,1,1,3,1,15,1,6,2,4,1,4,1
"Pene34",7047,3,0,0,1,200,0,14,4,54,0,4,1,1,1,25,1,11,1,4,2,3,1
"Pene35",7345,3.5,0,0,0,260.5,0,8,2,34,0,2,0,2,10,13,2,12,7,4,2,1,0
"Pene36",7938,0,0,0,0,187,0,1,8,61,1,2,0,4,0,16,1,23,9,4,1,4,0
"Pene37",8372,8,0,0,6,234,0,0,0,0,0,0,0,0,0,0,0,0,0,0,0,0,0
"Pene38",8553,2,2,0,10,194,0,1,32,35,1,1,0,1,1,17,1,9,2,0,2,1,1
"Pene39",9094,2,1,0,23,231,0,1,6,22,1,1,0,8,0,13,0,14,7,2,0,2,0
"Pene40",9675,1,4,0,22,166,0,3,8,30,3,2,0,3,2,26,0,33,2,1,0,2,2
"Spir01",-20,3,19,1,4,103,83,16,6,136,0,0,7,5,13,16,1,5,7,2,0,1,5
"Spir02",-10,2,12,0,8,89,58,16,5,113,1,0,9,0,2,15,1,13,5,4,2,2,2
"Spir03",10,2,7,0,4,67,28,18,6,123,0,0,13,0,3,20,0,8,24,1,0,3,6
"Spir04",40,4,6,0,7,75,58,7,8,113,0,0,17,0,5,18,1,3,36,5,0,5,3
"Spir05",50,3,6,6,5,100,66,17,12,160,0,0,14,0,8,9,0,5,25,2,0,2,6
"Spir06",60,4,4,0,2,70,56,13,18,137,1,0,19,0,7,12,0,8,20,1,0,2,4
"Spir07",70,3,12,0,4,83,54,9,7,133,1,0,23,0,0,23,0,7,16,2,2,1,7
"Spir08",100,5,2,0,7,117,87,15,7,158,1,0,11,0,3,18,4,6,9,3,0,1,0
"Spir09",160,4,1,3,4,60,60,17,7,152,0,0,9,0,8,17,0,9,5,3,1,0,4
"Spir10",350,1,4,0,7,112,96,12,6,171,1,1,9,0,10,16,1,12,4,5,2,1,0
"Spir11",435,5,2,3,5,93,91,11,2,178,0,0,10,0,3,14,0,10,1,0,0,1,2
"Spir12",535,2,4,0,23,97,79,12,8,127,1,0,16,0,0,25,1,9,4,3,0,0,4
"Spir13",685,3,4,0,4,125,82,9,12,125,0,0,8,0,2,15,2,3,3,0,0,1,4
"Spir14",880,2,4,0,15,114,77,13,6,163,1,0,11,0,0,16,3,12,3,0,3,2,7
"Spir15",1100,1,3,0,5,102,83,13,6,116,1,0,4,0,8,12,0,10,0,1,0,0,1
"Spir16",1295,5,4,0,20,92,84,13,6,136,2,0,4,0,0,10,1,8,2,0,2,2,3
"Spir17",1810,5,2,0,19,129,42,13,3,137,0,1,2,0,6,25,0,0,2,1,1,0,4
"Spir18",2515,1,7,0,6,135,35,12,7,198,0,0,5,0,5,18,1,11,3,0,0,0,2
"Spir19",2965,2,6,0,3,89,66,10,5,180,0,0,5,0,6,16,1,11,1,3,0,0,1
"Spir20",3555,1,1,0,5,95,43,24,5,151,0,0,1,0,4,24,2,5,2,0,3,0,1
"Spir21",4015,3,15,2,6,169,10,20,14,144,0,0,2,0,7,18,0,3,2,3,2,2,1
"Spir22",4200,1,7,0,3,160,16,5,8,95,1,0,1,0,4,20,1,11,1,5,0,0,0
"Spir23",4395,0,21,0,3,162,8,11,11,60,0,0,0,0,9,25,2,13,0,1,0,1,0
"Spir24",4550,1,12,0,2,140,17,9,9,86,0,0,2,0,4,51,2,13,2,1,0,2,4
"Spir25",4765,1,8,1,10,164,3,18,12,114,0,0,1,0,7,65,4,13,3,1,0,2,0
"Spir26",4895,3,13,0,7,148,9,30,6,72,0,0,1,0,13,53,1,9,3,0,2,2,0
"Spir27",4950,0,41,2,10,118,14,18,9,73,0,0,0,0,11,55,2,11,1,1,1,3,2
"Spir28",5035,0,11,2,4,157,17,23,2,47,0,0,2,0,2,55,2,21,0,2,2,3,1
"Spir29",5195,1,24,0,9,174,55,22,8,68,0,0,3,7,7,36,1,16,1,5,1,2,3
"Spir30",5320,1,1,1,7,207,46,10,16,28,3,0,0,7,3,25,0,5,4,4,2,0,5
"Spir31",5425,1,15,0,4,177,60,5,7,37,0,0,0,10,5,26,0,6,3,3,1,1,2
"Spir32",5520,0,7,2,3,162,66,13,9,80,0,0,1,0,2,26,1,12,6,4,0,0,3
"Spir33",5685,1,9,0,8,242,65,11,11,86,0,0,3,0,7,36,2,14,5,4,1,2,0
"Spir34",5875,1,16,0,3,193,50,12,7,45,0,0,0,0,0,23,1,12,3,2,0,1,1
"Spir35",6285,5,26,0,5,247,17,6,7,31,1,0,0,0,8,34,0,8,2,0,0,1,0
"Spir36",6500,2,11,0,11,325,2,16,9,57,2,0,0,6,12,55,0,9,4,4,1,4,2
"Spir37",6850,1,5,0,3,326,1,27,4,76,0,0,1,11,14,58,3,12,5,4,0,3,0
"Spir38",7250,2,6,0,2,352,0,9,5,56,0,0,0,0,8,49,0,14,3,2,4,4,0
"Spir39",7740,8,2,0,7,316,0,7,8,50,0,0,0,0,1,20,0,7,2,2,1,1,3
"Spir40",8175,8,10,1,11,450,0,3,17,124,0,0,0,7,13,16,0,16,4,8,2,1,5
"Spir41",8810,10,0,1,18,213,0,2,21,141,0,0,0,5,5,9,0,12,2,5,0,1,3
"Spir42",9445,6,3,2,19,188,0,0,22,128,0,0,0,0,3,9,0,11,1,4,2,1,1
"Spir43",9535,6,0,2,39,248,0,0,26,149,1,2,0,2,5,27,0,10,10,8,2,12,4
"Spir44",9830,10,9,3,33,339,0,2,8,97,0,0,1,0,8,17,0,8,5,12,5,7,2
"Spir45",10290,6,4,6,47,218,0,2,5,86,0,0,0,2,5,14,0,4,3,11,0,2,3
"Spir46",10620,12,11,2,22,277,0,2,4,83,0,2,1,3,9,20,0,12,6,1,0,2,4
"Spir47",11105,8,2,3,30,228,0,2,1,58,2,0,0,6,6,24,0,0,5,6,2,2,2
"Spir48",11295,12,0,4,34,271,0,0,3,55,0,0,0,5,9,25,0,15,4,4,4,1,0
"Spir49",12305,8,4,6,37,240,0,0,3,36,2,0,0,4,8,39,0,29,2,5,5,6,0
"Spir50",12710,0,5,14,75,131,0,5,1,20,3,0,0,6,20,34,0,33,1,12,1,1,5
"Spir51",12895,7,9,1,59,153,0,1,1,13,3,0,0,5,5,34,0,15,8,26,5,0,0
"Spir52",13090,0,9,0,53,195,0,0,1,5,1,0,0,8,1,12,0,14,0,17,0,3,2
"Spir53",13250,0,0,0,3,14,0,0,0,1,1,0,0,0,0,0,0,2,0,2,1,0,0
"Spir54",13345,0,0,0,3,7,0,0,0,1,0,0,0,0,0,2,0,0,1,4,1,0,0
"Spir55",13635,5,0,3,50,216,0,1,2,24,1,0,0,9,14,40,0,44,3,10,4,2,0
"Sout1",-41,2,0,0,14,104,26,13,1,11,0,1,20,4,0,8,0,0,2,0,0,0,1
"Sout2",4,0,0,0,1,112,1,2,0,2,0,0,0,0,0,3,0,0,0,0,0,0,0
"Sout3",38,3,1,0,8,90,15,3,0,37,0,0,36,1,0,9,0,1,6,0,0,1,5
"Sout4",61,3,0,0,16,83,10,5,1,44,0,0,30,1,0,6,0,2,15,4,1,1,9
"Sout5",95,6,0,0,13,18,30,1,1,95,0,0,31,1,0,6,0,1,20,1,0,3,2
"Sout6",119,6,0,0,16,73,27,3,0,49,0,0,25,0,0,5,0,2,4,0,0,0,1
"Sout7",189,7,0,0,14,107,14,2,0,58,0,0,9,1,0,3,0,1,0,0,0,0,0
"Sout8",239,7,0,0,10,88,6,5,1,62,0,0,13,0,0,6,0,4,0,2,0,1,2
"Sout9",312,4,0,0,10,129,18,0,0,34,0,0,19,0,0,6,0,1,2,0,0,0,0
"Sout10",363,3,0,0,13,97,54,0,0,20,0,0,12,0,0,0,1,0,0,1,0,0,0
"Sout11",441,11,0,0,7,107,39,0,0,28,0,0,10,0,0,4,0,2,2,0,0,0,0
"Sout12",489,3,0,0,11,106,32,1,0,21,0,0,27,0,0,3,0,1,1,1,0,0,0
"Sout13",564,4,0,0,5,77,30,0,2,46,0,0,47,0,1,2,0,1,1,2,0,0,0
"Sout14",613,0,0,0,11,90,17,0,1,65,0,0,46,0,0,1,0,1,1,1,0,0,0
"Sout15",687,0,0,1,9,117,32,0,0,38,0,0,20,0,0,2,0,0,0,1,0,1,0
"Sout16",738,5,0,0,29,97,20,0,1,38,1,0,7,0,0,3,0,0,0,0,0,0,0
"Sout17",811,4,0,0,14,109,20,0,1,26,0,0,29,0,0,1,0,0,1,0,0,0,0
"Sout18",859,0,0,0,4,140,14,4,0,21,0,0,16,0,0,1,0,0,0,1,0,0,0
"Sout19",957,4,0,1,4,103,32,1,1,38,0,0,19,0,0,1,0,2,0,0,0,0,0
"Sout20",1015,2,0,0,8,117,21,0,0,42,0,0,16,0,0,2,0,0,0,2,0,0,0
"Sout21",1103,7,0,0,13,135,15,2,0,19,0,0,9,0,0,3,0,1,0,1,0,0,0
"Sout22",1161,1,0,1,4,41,34,3,1,95,0,0,15,0,0,11,0,0,1,1,0,0,0
"Sout23",1248,0,0,0,1,161,7,0,2,27,1,0,0,1,0,2,0,1,1,1,0,1,0
"Sout24",1308,2,0,0,7,103,25,2,0,54,0,0,5,0,0,8,0,0,0,0,1,0,0
"Sout25",1398,1,0,0,6,94,28,2,0,63,0,0,6,0,0,3,0,0,1,0,0,0,0
"Sout26",1441,0,0,0,5,149,15,0,0,31,0,0,3,0,1,4,0,0,0,0,1,0,0
"Sout27",1510,6,0,0,8,119,31,0,0,40,0,0,2,1,0,5,0,1,1,0,0,1,0
"Sout28",1582,4,0,0,12,130,12,2,0,31,1,0,3,0,0,7,0,0,1,3,0,0,1
"Sout29",1691,6,0,0,11,129,2,0,0,59,0,0,3,0,0,2,0,1,1,1,0,0,0
"Sout30",1763,4,0,0,9,130,2,2,5,45,0,0,6,0,0,5,0,1,0,0,0,0,1
"Sout31",1872,1,0,0,6,114,5,1,2,59,1,0,4,0,0,7,1,0,0,2,0,0,1
"Sout32",1946,2,0,0,12,120,5,2,2,59,1,0,5,0,0,10,0,1,1,0,0,1,3
"Sout33",2055,2,0,0,7,141,6,0,1,40,1,0,4,1,0,3,0,1,1,2,0,0,0
"Sout34",2129,1,0,3,5,126,7,5,1,50,0,0,3,0,0,12,0,2,2,0,0,0,0
"Sout35",2234,8,0,1,2,146,11,2,2,34,0,0,0,0,0,6,0,2,1,0,0,0,0
"Sout36",2292,1,0,0,9,134,4,4,3,43,1,0,0,0,0,5,0,1,0,1,0,0,0
"Sout37",2373,3,0,0,6,123,3,1,1,60,0,0,2,0,0,7,0,0,0,3,0,2,0
"Sout38",2427,2,0,0,9,151,5,0,2,25,0,0,2,0,0,5,0,0,1,0,0,0,0
"Sout39",2454,3,0,0,2,161,11,0,0,23,0,0,1,0,0,5,0,0,0,0,0,0,1
"Sout40",2549,1,1,0,6,125,6,0,4,54,1,0,3,0,0,5,0,1,1,2,0,1,0
"Sout41",2604,4,0,0,9,148,10,0,0,28,0,0,1,0,0,8,0,1,1,1,0,0,0
"Sout42",2685,1,0,0,5,169,3,1,0,21,0,0,0,0,0,4,0,1,1,1,0,0,0
"Sout43",2741,2,0,0,2,142,5,1,3,44,0,0,2,0,0,5,0,1,2,0,0,0,0
"Sout44",2830,0,0,0,6,163,4,0,1,22,0,0,1,0,0,6,0,1,0,0,0,0,0
"Sout45",2897,0,0,0,0,192,2,1,1,24,0,0,3,0,0,3,0,1,1,2,0,1,0
"Sout46",3012,0,0,0,2,163,2,0,0,26,0,0,1,0,0,6,0,0,1,0,0,0,1
"Sout47",3092,0,0,0,3,193,4,0,5,34,0,0,1,0,0,6,0,4,1,1,0,0,0
"Sout48",3210,0,0,0,2,172,0,0,4,20,0,0,0,0,0,6,0,0,2,0,0,0,0
"Sout49",3291,0,0,0,3,197,2,0,2,23,0,0,2,0,1,3,0,1,0,2,0,0,1
"Sout50",3409,1,0,0,4,165,2,2,1,27,1,0,2,0,0,5,0,0,2,2,0,0,0
"Sout51",3489,1,0,0,2,221,1,1,0,32,0,1,0,0,0,1,0,1,2,1,0,0,0
"Sout52",3606,2,0,1,2,164,2,0,5,28,0,1,2,0,0,11,1,1,0,1,0,0,0
"Sout53",3684,0,0,0,3,193,1,2,0,17,0,0,2,0,0,7,3,0,1,0,0,0,1
"Sout54",3802,0,0,0,9,165,2,1,0,16,0,0,1,0,0,13,0,2,0,0,1,1,0
"Sout55",3842,0,0,0,0,178,1,1,3,40,0,0,4,0,0,15,0,3,0,0,0,1,2
"Sout56",3881,0,0,0,2,192,2,1,3,24,0,1,0,2,0,13,0,2,2,0,0,0,3
"Sout57",3920,0,0,0,3,232,1,1,6,29,0,0,2,1,0,7,0,3,0,0,0,1,2
"Sout58",3958,0,0,0,2,205,0,0,1,12,1,0,0,1,0,7,0,0,3,0,0,0,0
"Sout59",4000,0,1,1,1,168,2,1,2,26,1,0,1,0,0,5,0,0,0,0,0,0,0
"Sout60",4022,0,0,0,0,222,1,0,1,8,0,0,0,0,0,3,0,1,1,0,0,1,0
"Sout61",4044,0,0,0,2,240,1,0,0,18,0,0,0,0,0,10,0,1,3,0,0,0,1
"Sout62",4066,0,0,0,3,235,0,0,2,10,0,0,1,0,0,1,0,0,4,0,0,0,0
"Sout63",4089,2,0,0,3,208,0,1,2,13,0,1,1,0,2,10,0,1,2,2,0,0,1
"Sout64",4114,0,0,0,0,230,0,0,0,5,0,0,0,0,0,1,0,0,0,0,0,0,0
"Sout65",4162,0,0,0,2,253,1,0,0,3,0,0,0,0,0,2,0,0,2,0,0,0,2
"Sout66",4235,0,0,0,0,193,0,1,0,11,0,0,1,0,1,2,0,2,0,2,0,1,0
"Sout67",4335,3,0,0,2,161,11,0,0,23,0,0,1,0,0,5,0,0,0,0,0,0,1
"Sout68",4361,1,0,0,0,204,0,0,0,2,0,0,1,0,0,0,0,0,0,0,0,0,0
"Sout69",4486,0,0,1,3,186,0,0,0,12,0,0,1,0,0,3,0,1,0,1,0,0,0
"Sout70",4612,0,0,0,1,192,2,0,0,3,1,0,0,0,0,4,0,0,0,0,0,1,0
"Sout71",4735,0,0,1,0,195,1,0,0,4,0,0,0,0,0,1,0,0,0,0,0,0,1
"Sout72",4846,0,0,0,0,203,0,0,1,1,0,0,0,0,0,1,0,0,0,0,0,0,0
"Sout73",4943,0,0,0,2,189,3,1,0,5,0,0,0,0,0,4,0,1,0,0,0,0,2
"Sout74",5041,0,0,0,0,189,7,2,0,2,0,0,1,0,1,3,0,0,0,0,0,0,0
"Sout75",5141,0,0,0,3,173,15,1,2,6,0,0,1,0,0,4,0,2,0,0,1,0,0
"Sout76",5224,0,0,0,1,210,2,0,1,6,0,1,0,0,0,1,0,1,0,2,0,0,0
"Sout77",5340,0,0,0,4,248,4,0,0,2,0,0,0,0,0,3,0,0,0,0,0,0,0
"Sout78",5541,0,0,0,3,186,0,1,1,9,1,1,0,1,1,5,0,6,0,0,1,0,0
"Sout79",5899,0,0,0,1,199,0,1,1,19,2,1,0,0,3,8,0,2,1,0,0,0,0
"Sout80",6041,2,0,0,3,204,0,0,0,5,0,0,0,1,0,6,0,0,0,0,0,0,0
"Sout81",6253,0,0,0,1,163,0,0,2,20,0,0,0,0,0,9,0,7,0,0,0,0,2
"Sout82",6403,0,0,0,3,200,0,0,1,10,0,0,0,0,2,7,0,5,2,1,1,0,1
"Sout83",6629,0,0,1,2,204,0,0,0,9,0,1,0,1,0,10,0,1,0,0,1,0,1
"Sout84",6770,0,1,0,2,192,0,0,2,4,0,0,0,0,0,3,0,1,1,1,0,1,0
"Sout85",6989,0,0,0,3,164,1,2,1,8,0,0,1,1,0,10,0,3,0,0,1,1,0
"Sout86",7029,0,0,0,3,212,1,2,1,10,0,1,0,1,1,4,0,0,1,1,0,1,2
"Sout87",7355,1,1,0,4,166,0,0,0,9,0,0,0,1,3,14,0,4,1,1,1,1,1
"Sout88",7565,0,0,0,2,184,0,0,0,10,0,0,0,1,3,7,0,2,0,1,0,0,0
"Sout89",7767,0,0,1,5,206,0,0,0,24,0,0,0,0,1,3,1,1,0,0,0,0,2
"Sout90",7968,3,0,0,7,193,0,0,1,12,1,0,0,3,0,2,0,0,0,4,3,0,1
"Sout91",8173,2,0,0,10,151,0,0,0,14,0,0,0,1,0,10,0,4,3,1,1,0,3
"Sout92",8575,3,0,0,19,142,0,1,3,12,2,0,0,2,1,12,1,5,3,3,1,1,1
"Sout93",8979,2,0,0,14,161,1,0,0,6,1,0,0,0,0,5,0,3,1,4,0,1,1
"Sout94",9188,2,0,0,13,184,0,1,0,9,2,0,0,0,0,11,0,3,0,2,0,1,1
"Sout95",9394,2,0,0,9,155,0,1,0,8,0,1,0,1,2,12,0,2,2,2,0,0,0
"Sout96",9802,0,1,0,27,150,0,1,0,5,0,0,0,2,0,6,0,5,1,6,0,1,2
"Sout97",10219,0,3,0,104,111,0,0,1,6,0,0,0,2,1,15,0,2,4,9,0,0,0
"Sout98",10416,1,1,0,50,47,0,0,0,4,0,0,0,1,0,11,0,1,0,4,0,0,0
"Towe01",-15,0,0,0,0,74,29,27,6,57,0,0,47,2,1,11,0,2,7,2,4,7,0
"Towe02",80,1,0,0,0,48.5,21,33,9,71,0,0,56,0,4,11,0,4,18,2,3,0,1
"Towe03",175,0,1,0,0,74.5,27,18,5,64,0,0,47,6,4,6,0,3,5,1,1,3,0
"Towe04",270,1,2,2,0,91,21,13,2,61,0,0,49,0,1,4,0,3,3,0,0,0,2
"Towe05",365,0,0,0,0,89,21,15,3,59,0,0,44,2,1,17,0,1,2,3,1,1,0
"Towe06",460,0,1,1,0,76.5,33,16,8,65,0,0,32,0,4,20,0,2,3,1,0,0,0
"Towe07",545,0,0,0,1,60.5,42,17,1,65,0,0,56,2,0,5,0,1,0,1,1,0,0
"Towe08",690,0,0,0,0,76,19,19,3,68,1,0,50,0,1,12,0,3,0,4,4,1,0
"Towe09",840,0,0,0,0,64.5,39,14,1,63,0,0,56,1,0,9,0,3,0,3,1,0,0
"Towe10",985,0,0,0,1,63,32,21,4,63,0,0,51,1,0,15,0,3,0,0,0,1,0
"Towe11",1135,0,0,0,5,70,53,10,2,58,0,0,34,1,0,13,0,6,0,2,1,0,1
"Towe12",1280,0,0,0,3.5,67,38,12,0,90,0,0,28,0,0,6,1,5,0,1,1,0,0
"Towe13",1425,0,0,0,1,57,33,11,2,116,0,2,12,1,2,10,0,5,0,3,0,0,1
"Towe14",1575,0,0,0,0,68.5,46,12,1,102,0,0,14,0,0,8,0,0,0,3,2,0,0
"Towe15",1720,0,1,1,2.5,82.5,32,15,2,93,1,0,9,0,0,10,0,3,0,0,0,1,0
"Towe16",1815,1,1,0,0,80,42,11,4,97,0,0,11,0,1,4,0,2,1,0,0,0,1
"Towe17",1860,0,0,1,0,73.5,18,22,5,105,1,0,8,4,4,11,0,2,0,0,1,0,0
"Towe18",1865,0,1,2,1,80,21,10,3,121,0,0,1,1,0,10,1,1,0,0,1,0,0
"Towe19",1905,0,0,0,0,89.5,6,9,5,117,0,0,4,1,4,9,0,8,0,2,0,1,1
"Towe20",1950,0,0,1,0,79.5,26,20,6,102,1,0,0,0,4,13,0,3,0,0,0,1,0
"Towe21",1995,0,0,0,0,96,26,9,7,101,2,0,2,1,4,7,0,2,0,4,4,1,4
"Towe22",2040,3,0,0,4,137,31,13,5,88,0,0,0,1,0,10,0,2,2,3,0,0,0
"Towe23",2045,0,0,0,0,96,22,6,6,107,1,0,2,3,2,10,0,1,0,0,0,0,0
"Towe24",2185,1,0,0,4,134,32,14,2,85,1,0,0,2,2,6,0,2,3,3,0,0,0
"Towe25",2330,3,0,0,7,116,35,16,9,93,0,0,1,0,1,10,0,3,3,0,0,0,2
"Towe26",2475,4,0,0,3,155,29,9,1,78,0,0,2,1,3,10,1,5,2,4,0,1,1
"Towe27",2620,1,0,0,2,117,18,20,5,95,0,0,2,2,1,12,0,3,3,2,0,0,0
"Towe28",2765,1,0,0,3,193,13,11,2,92,0,0,0,0,1,10,0,0,0,3,0,2,0
"Towe29",2910,1,0,0,8,131,8,6,2,76,0,0,0,2,3,13,1,2,1,2,0,0,1
"Towe30",3050,1,0,0,4,157,6,17,4,111,0,0,0,0,3,14,0,2,1,2,0,1,0
"Towe31",3195,3,0,0,5,170,6,14,5,108,1,0,0,1,0,12,0,3,1,1,0,0,0
"Towe32",3340,2,0,0,1,174,7,17,4,66,1,0,0,2,4,12,0,1,1,1,0,0,0
"Towe33",3485,4,0,0,3,172,15,19,8,91,1,0,3,3,2,17,0,5,0,4,0,2,0
"Towe34",3630,4,0,0,5,178,1,15,3,77,0,0,0,3,0,18,0,4,6,1,0,0,1
"Towe35",3775,4,0,0,2,169,8,11,6,75,3,0,1,1,0,31,0,1,0,0,0,1,0
"Towe36",3920,6,0,0,2,181,2,21,1,69,0,0,1,2,0,23,0,1,2,4,0,0,0
"Towe37",4065,3,0,0,2,155,4,13,0,39,0,0,0,1,0,24,0,0,0,4,0,2,0
"Towe38",4205,1,0,0,0,139,2,18,2,58,1,0,1,0,0,25,0,2,0,0,0,0,0
"Towe39",4350,2,0,0,2,187,13,50,4,18,0,0,0,2,0,19,0,5,2,0,0,0,1
"Towe40",4500,2,0,0,0,177,9,15,7,23,0,0,0,1,1,17,0,0,1,2,0,0,1
"Towe41",4620,1,0,0,2,188.5,13,33,4,25,0,0,3,6,4,25,0,2,4,5,2,0,2
"Towe42",4640,1,2,0,0,191,8,23,8,29,0,0,2,6,3,28,0,6,3,2,3,1,1
"Towe43",4660,0,1,1,2,176,9,32,6,27,1,0,3,2,5,29,0,4,2,4,2,2,3
"Towe44",4675,1,3,0,3,179,7,24,2,31,1,0,3,3,4,30,1,2,1,2,2,0,3
"Towe45",4695,0,0,0,3,203,12,19,2,19,0,0,0,1,2,26,0,4,1,2,3,0,5
"Towe46",4700,0,0,0,0,189.5,8,25,6,32,0,0,1,2,1,47,0,4,4,5,3,0,4
"Towe47",4715,2,0,0,1,189,7,26,2,24,0,0,1,0,0,37,0,4,1,1,0,0,0
"Towe48",4735,0,0,0,0,150.5,5,43,2,41,1,0,5,0,2,45,1,2,2,2,3,0,0
"Towe49",4755,0,0,0,3,168,19,30,5,37,0,0,0,1,3,46,0,3,1,2,2,1,2
"Towe50",4775,0,2,1,1,147,9,32,5,35,0,0,2,2,2,56,1,9,0,5,1,0,1
"Towe51",4795,0,3,0,0,149.5,13,24,2,42,1,0,5,2,2,42,0,4,4,7,2,3,5
"Towe52",4815,0,0,0,2,200.5,11,25,6,30,0,0,0,2,3,51,0,3,1,4,1,2,4
"Towe53",4815,1,0,0,3,148,12,23,6,27,0,0,1,1,0,13,0,6,1,0,0,0,1
"Towe54",4895,0,4,1,2,314.5,26,59,12,89,1,0,1,7,6,95,0,7,4,14,1,3,5
"Towe55",4910,0,6,0,2,363.5,19,58,12,83,0,0,13,6,6,100,1,6,5,9,4,2,8
"Towe56",4990,3,0,0,6,168,8,27,1,31,1,0,0,0,0,20,0,1,5,2,0,0,1
"Towe57",5005,0,5,1,2,181.5,15,30,7,42,0,0,0,1,1,29,2,2,2,6,1,3,3
"Towe58",5025,1,6,0,3,158,14,24,5,40,0,0,1,1,2,38,0,4,2,7,8,3,4
"Towe59",5045,0,0,0,3,161.5,24,34,7,40,1,0,1,2,2,28,0,8,1,7,3,0,1
"Towe60",5095,1,1,1,1,149,53,22,6,37,0,0,2,0,0,32,0,1,1,4,3,1,0
"Towe61",5125,0,0,3,2,185,58,12,3,31,0,0,0,1,4,24,1,3,2,3,4,0,1
"Towe62",5155,0,0,1,1,173.5,64,24,6,33,1,0,1,0,1,18,0,1,1,4,3,1,3
"Towe63",5190,1,1,0,2,140,49,21,1,41,0,0,1,2,2,25,0,2,1,6,2,1,3
"Towe64",5220,0,1,0,2,150,76,19,2,27,0,0,0,1,1,28,0,2,0,4,1,2,0
"Towe65",5250,0,1,1,1,140,92,23,2,38,0,0,0,3,0,18,0,3,1,7,2,0,2
"Towe66",5250,0,0,0,0,117,47,14,2,38,0,0,0,1,0,29,0,3,0,1,2,2,0
"Towe67",5280,0,0,1,3,130.5,59,15,2,51,2,0,0,0,2,25,0,0,1,6,6,2,1
"Towe68",5310,2,0,1,1,140.5,59,14,4,38,0,0,0,2,4,37,0,2,0,2,1,0,1
"Towe69",5325,0,2,1,1,144,56,13,9,36,0,0,0,4,3,29,1,4,2,3,3,1,3
"Towe70",5355,0,0,1,0,147.5,53,23,3,45,0,0,2,2,4,38,0,4,2,2,0,0,2
"Towe71",5370,0,0,1,0,158,75,17,3,36,1,0,0,4,1,30,1,5,2,4,1,4,4
"Towe72",5385,0,0,1,0,124.5,77,13,1,46,0,0,1,2,2,29,0,4,1,6,3,1,0
"Towe73",5395,0,1,1,1,134,58,18,3,35,1,0,3,2,3,34,0,2,2,0,1,1,2
"Towe74",5410,0,0,0,2,127,70,22,2,39,0,0,2,3,0,29,0,8,4,2,2,0,4
"Towe75",5425,0,2,2,1,149,60,20,2,36,0,0,0,5,1,25,0,0,1,6,0,0,3
"Towe76",5425,0,0,0,2,182.5,48,12,3,37,2,0,1,1,2,35,0,4,2,1,0,3,0
"Towe77",5440,0,1,1,0,162,53,12,6,27,0,0,3,2,3,24,0,5,2,6,4,1,0
"Towe78",5455,0,0,1,1,168.5,51,10,0,38,0,0,0,0,2,40,0,5,2,4,2,0,1
"Towe79",5470,0,1,2,0,176,63,8,9,37,1,0,0,0,0,44,0,3,3,3,0,1,1
"Towe80",5485,0,0,0,1,137,49,11,0,28,0,0,1,1,1,19,0,2,0,1,2,1,0
"Towe81",5495,0,1,0,0,142,56,14,7,52,1,0,0,2,1,20,0,6,3,5,1,1,4
"Towe82",5535,0,2,0,1,162,47,11,2,32,1,0,0,1,4,38,1,5,4,3,2,0,2
"Towe83",5550,0,1,2,0,221.5,31,16,0,39,0,0,0,4,1,27,0,3,1,5,4,1,0
"Towe84",5565,0,3,2,1,163,34,15,2,30,0,0,1,1,5,29,0,0,0,3,6,1,4
"Towe85",5580,0,1,0,0,183,35,15,5,23,0,0,0,3,3,22,0,4,4,4,4,1,4
"Towe86",5595,0,2,0,0,196,45,11,7,31,0,0,0,3,3,37,1,5,5,4,3,0,1
"Towe87",5595,1,0,0,6,171,53,5,2,22,0,0,1,3,0,9,0,1,3,2,0,2,1
"Towe88",5610,0,1,0,0,188.5,60,8,1,23,1,0,0,1,0,23,0,3,3,2,1,2,3
"Towe89",5625,0,0,0,0,193,72,5,3,18,0,0,0,0,1,22,2,4,3,3,2,3,0
"Towe90",5640,0,0,0,0,194,85,8,2,12,0,0,0,0,0,24,0,4,3,6,2,0,1
"Towe91",5670,0,0,1,1,220.5,92,9,2,25,0,0,0,0,0,17,0,2,3,7,3,2,1
"Towe92",5690,0,0,0,1,200.5,66,0,3,13,0,0,2,2,1,18,0,1,6,5,1,1,3
"Towe93",5705,0,1,1,0,189.5,80,9,2,18,0,0,1,2,2,15,0,3,3,6,3,1,0
"Towe94",5720,0,0,1,0,259,58,5,2,18,1,0,0,2,1,22,0,5,1,2,2,1,2
"Towe95",5735,0,0,0,1,200.5,41,8,4,17,1,0,4,2,2,26,0,3,5,4,1,1,1
"Towe96",5750,0,0,0,2,186,60,6,3,19,0,0,0,0,2,16,1,3,3,3,2,2,3
"Towe97",5750,0,0,1,0,160,47,2,4,12,0,0,1,1,2,24,0,0,0,1,2,0,0
"Towe98",5765,1,1,0,0,212,50,4,3,24,0,0,0,1,6,16,1,4,2,2,1,2,0
"Towe99",5780,0,0,0,0,240,62,8,4,16,0,0,1,0,2,19,0,3,2,2,1,1,0
"Towe100",5795,1,0,0,2,222,49,8,3,12,0,0,0,2,1,23,0,2,2,2,0,2,0
"Towe101",5825,0,0,0,0,228,44,4,1,24,1,0,0,1,2,15,0,3,5,1,2,2,0
"Towe102",5840,0,1,0,0,238.5,29,7,5,20,0,0,2,1,4,29,0,3,4,1,0,0,1
"Towe103",5855,1,1,2,7,194,32,6,2,29,0,0,1,0,3,23,0,0,6,1,0,2,3
"Towe104",5870,1,1,0,0,197,38,10,4,16,0,0,2,1,0,22,1,4,4,2,2,1,2
"Towe105",5885,0,1,1,2,240.5,31,4,3,15,0,0,1,1,3,38,0,6,2,0,2,2,1
"Towe106",5900,4,0,0,5,246,29,1,3,18,0,0,0,0,0,18,0,1,4,1,0,0,0
"Towe107",5915,1,0,0,3,200,31,7,6,22,0,0,2,1,3,32,0,6,2,2,1,1,2
"Towe108",5935,1,1,1,2,228.5,16,8,1,16,2,0,1,3,2,18,0,0,4,3,4,2,4
"Towe109",5950,0,0,1,0,254.5,14,10,0,12,0,0,1,0,1,31,0,2,5,4,1,1,1
"Towe110",5980,0,1,1,0,251.5,11,7,0,21,1,0,0,3,1,19,0,1,1,2,1,0,2
"Towe111",5995,0,0,0,0,217.5,15,4,3,25,0,0,0,1,3,21,0,3,2,2,2,1,3
"Towe112",6010,0,0,0,0,269,15,7,2,14,1,0,0,2,1,27,0,2,1,0,4,0,0
"Towe113",6030,0,0,0,1,230,8,3,3,30,0,0,1,1,1,27,0,6,1,1,0,1,0
"Towe114",6055,0,0,0,1,246.5,8,7,1,23,2,0,0,0,1,16,0,1,0,1,1,1,1
"Towe115",6075,0,0,0,0,210.5,2,1,1,18,0,0,0,0,2,17,0,0,0,1,4,0,0
"Towe116",6095,0,0,0,0,240.5,7,3,8,35,1,0,1,2,1,22,0,0,4,2,1,0,1
"Towe117",6280,0,0,0,3,223,4,8,1,22,0,0,1,1,2,13,0,4,3,2,0,0,0
"Towe118",6485,0,0,0,0,203.5,1,3,1,16,0,0,0,2,1,20,0,3,0,2,2,1,1
"Towe119",6695,3,0,0,2,199,0,3,3,51,0,0,0,0,7,18,0,0,3,1,0,1,0
"Towe120",6900,0,0,0,0,174,0,1,2,36,0,0,0,2,5,31,0,1,0,2,4,0,1
"Towe121",7105,0,0,0,0.5,197.5,0,0,3,35,0,0,0,0,2,13,0,2,1,3,3,0,1
"Towe122",7310,0,0,0,0,176.5,1,1,3,64,0,0,0,0,1,5,0,1,0,1,5,1,0
"Towe123",7520,0,0,0,0,118,0,0,3,110,1,0,0,0,2,16,1,1,1,0,6,2,0
"Towe124",7725,0,0,0,0,188,0,1,1,47,1,0,0,1,1,8,0,2,0,1,7,1,0
"Towe125",7930,0,0,0,0,190,1,1,3,46,0,0,0,0,1,9,0,2,1,3,4,0,0
"Towe126",8140,0,0,1,1,64.5,0,0,1,166,2,0,0,0,4,5,0,6,0,3,3,1,0
"Towe127",8345,0,0,0,1,73,0,0,1,163,0,1,0,0,2,6,0,4,0,0,8,0,0
"Towe128",8550,0,0,1,0,108.5,0,1,2,132,0,0,0,0,0,6,0,2,1,2,3,2,0
"Towe129",8735,1,0,0,2,68,0,1,0,165,1,0,0,0,1,7,0,4,0,0,3,0,0
"Wolv01",100,6,5,1,24,211,24,14,10,90,3,3,20,2,3,22,1,8,28,1,0,4,10
"Wolv02",250,5,2,1,22,185,25,13,13,115,1,0,18,1,4,20,1,5,31,4,1,3,19
"Wolv03",365,4,4,0,12,248,14,14,16,101,1,0,30,2,7,33,2,9,16,1,1,3,7
"Wolv04",455,5,7,1,20,285,23,12,7,112,1,0,16,0,5,11,1,5,3,3,2,0,3
"Wolv05",565,3,9,1,8,344,3,7,8,72,1,1,5,3,3,34,1,10,10,5,0,0,6
"Wolv06",2080,3,5,1,8,357,14,8,9,88,1,1,12,2,6,29,1,3,2,4,2,4,3
"Wolv07",2170,2,4,0,5,322,15,9,15,96,0,1,11,5,10,21,0,6,2,7,1,2,2
"Wolv08",2375,12,1,3,20,460,8,13,19,129,1,6,11,7,13,46,1,10,10,4,4,1,8
"Wolv09",2710,2,6,0,16,420,21,7,14,103,2,2,15,2,6,34,1,15,5,7,2,0,2
"Wolv10",2945,2,5,1,7,328,12,6,10,98,1,0,5,4,4,19,0,4,6,3,0,0,5
"Wolv11",3335,2,10,1,9,537,9,14,24,132,2,3,6,12,12,43,1,12,7,10,3,1,3
"Wolv12",3615,3,20,3,9,326,3,6,14,60,2,0,1,3,6,34,0,11,0,6,2,0,4
"Wolv13",3965,7,6,2,13,598,11,14,28,116,2,2,6,5,16,42,1,8,12,11,0,1,11
"Wolv14",4360,4,16,3,8,370,9,8,12,37,1,2,4,3,13,32,1,12,5,3,2,0,10
"Wolv15",4750,1,3,2,7,550,26,6,20,79,3,4,2,5,13,48,1,20,13,7,4,3,16
"Wolv16",5035,1,8,2,5,414,24,7,7,33,1,0,1,2,7,40,0,6,14,12,1,0,11
"Wolv17",5460,2,9,2,10,578,43,3,11,38,1,3,5,6,13,50,0,20,16,6,4,1,7
"Wolv18",5720,0,9,1,5,426,8,2,6,18,2,2,1,1,12,32,0,6,6,2,0,3,4
"Wolv19",5900,2,1,3,5,741,8,7,15,53,1,1,1,8,16,57,0,26,9,2,2,3,7
"Wolv20",6230,0,5,2,7,753,6,6,13,43,4,3,2,4,21,49,0,14,11,7,1,2,7
"Wolv21",6475,4,1,0,4,605,1,3,13,38,0,3,0,3,17,44,1,13,7,9,2,3,5
"Wolv22",6765,2,6,1,2,459,1,4,8,23,2,3,0,4,15,33,0,12,6,5,0,1,6
"Wolv23",7045,1,5,0,2,453,1,2,4,26,0,1,3,2,7,25,0,17,8,6,0,1,9
"Wolv24",7305,7,7,2,6,713,0,3,7,45,1,3,1,10,26,45,0,30,13,11,4,8,4
"Wolv25",7525,2,1,0,9,632,0,3,12,57,0,2,0,5,15,26,0,14,22,4,2,9,9
"Wolv26",7710,3,3,2,4,516,0,1,6,30,1,1,0,2,7,15,0,18,8,4,1,1,4
"Wolv27",7935,9,4,3,14,728,0,2,5,89,2,3,0,2,23,25,1,34,20,5,1,6,5
"Wolv28",8155,8,0,1,15,556,0,3,9,82,0,3,1,7,25,26,1,16,9,6,4,5,5
"Wolv29",8365,10,1,2,20,633,0,2,8,79,1,2,0,4,15,29,1,5,11,2,2,4,5
"Wolv30",8575,4,0,0,18,377,1,0,11,42,2,2,0,6,11,23,0,6,11,10,0,6,6
"Wolv31",8765,6,0,0,18,453,0,0,4,38,0,0,0,4,9,25,1,15,17,17,1,8,7
"Wolv32",9010,4,1,0,13,442,0,3,7,31,0,0,0,4,6,15,0,13,9,6,0,3,5
"Wolv33",9220,6,1,4,23,539,1,0,5,31,2,0,0,1,5,30,1,13,6,4,1,1,2
"Wolv34",9440,6,0,2,28,431,0,2,1,24,2,2,0,3,10,23,0,9,7,10,0,1,7
"Wolv35",10205,4,0,2,31,445,0,2,1,24,4,0,0,3,14,24,0,26,2,9,0,3,15
"Wolv36",10260,2,0,2,29,433,0,1,2,22,2,1,0,5,17,34,0,12,5,11,0,6,3
"Wolv37",10445,3,0,3,45,714,0,1,1,18,5,3,0,4,10,53,0,18,7,15,0,1,3
"Wolv38",10665,1,0,2,42,561,0,1,2,13,2,1,0,5,10,17,0,17,4,20,3,1,3
"Wolv39",11045,3,2,2,91,268,0,2,0,10,2,2,0,6,19,49,0,17,8,32,1,2,3
"Wolv40",11205,5,0,5,297,261,0,2,3,27,10,0,0,20,19,69,0,17,10,44,6,3,5
"Wolv41",11335,1,1,2,182,200,0,0,0,10,5,3,0,9,12,68,0,33,15,39,1,2,2
"Wolv42",11745,2,0,6,151,239,0,2,1,24,4,4,0,9,30,40,1,28,6,35,3,3,7
"Yell01",0,5,1,1,20,192,10,8,8,70,0,0,0,2,2,13,0,3,3,1,0,2,0
"Yell02",1,5,2,0,23,152,14,8,11,80,1,0,0,0,2,15,0,1,19,3,0,4,0
"Yell03",120,5,1,0,27,162,14,11,13,136,0,0,0,2,8,15,1,2,5,2,0,2,0
"Yell04",1190,5,6,0,9,254,9,3,11,100,0,0,0,2,2,16,0,5,2,0,0,1,0
"Yell05",2210,5,3,0,8,238,11,6,11,98,1,1,0,1,5,14,0,4,2,2,0,2,0
"Yell06",2455,5,9,0,6,281,18,4,10,81,0,0,0,7,6,14,0,2,3,2,0,1,0
"Yell07",2820,5,0,0,3,363,13,13,9,91,1,0,0,2,13,15,0,5,2,3,0,0,0
"Yell08",2945,5,3,0,1,227,5,6,5,35,0,0,0,1,2,14,0,1,4,3,0,0,0
"Yell09",3030,5,2,0,4,345,5,9,11,55,1,0,0,1,5,14,0,3,2,0,0,3,0
"Yell10",3600,5,7,0,5,263,6,6,8,46,0,1,0,1,4,10,1,1,1,3,0,2,0
"Yell11",5025,5,5,0,3,438,16,15,15,49,0,0,0,3,7,36,1,6,5,3,0,3,0
"Yell12",5290,5,13,0,0,544,1,13,7,62,0,1,0,7,8,39,0,3,4,5,0,0,0
"Yell13",5990,5,3,0,0,260,1,2,3,5,0,0,0,1,2,19,0,7,3,2,0,4,0
"Yell14",6425,5,2,0,3,884,0,8,10,61,0,2,0,3,22,31,0,16,3,9,0,7,0
"Yell15",6585,5,0,0,4,550,0,4,8,44,0,0,0,7,8,11,1,13,6,0,0,7,0
"Yell16",7115,5,3,0,5,155,0,0,6,26,0,0,0,4,1,4,0,2,3,10,0,3,0
"Yell17",7395,5,1,0,8,194,0,1,3,26,1,0,0,0,4,5,0,1,4,1,0,0,0
"Yell18",7605,5,0,0,5,184,0,1,2,31,0,0,0,0,4,2,0,2,4,9,0,1,0
"Yell19",7860,5,2,0,7,356,0,1,14,44,0,0,0,0,5,9,0,3,5,7,0,1,0
"Yell20",8110,5,1,2,2,243,0,3,8,25,0,1,0,2,2,8,0,6,2,5,0,4,0
"Yell21",8265,5,6,7,24,762,0,2,21,90,2,0,0,7,8,15,0,12,9,18,0,1,0
"Yell22",8410,5,2,0,9,286,0,2,9,23,1,1,0,1,1,6,0,7,5,14,0,2,0
"Yell23",8625,5,0,0,2,228,0,0,5,9,0,0,0,0,0,6,0,5,1,13,0,1,0
"Yell24",9025,5,0,0,13,278,0,0,4,11,0,0,0,0,0,5,0,2,5,2,0,3,0
"Yell25",9165,5,1,0,11,249,0,0,4,10,0,0,0,0,1,6,0,4,0,9,0,1,0
"Yell26",9280,5,0,0,14,347,0,0,1,7,0,0,0,3,0,9,0,6,0,8,0,2,0
"Yell27",9425,5,1,0,13,238,0,0,2,9,0,2,0,1,3,12,0,7,4,8,0,0,0
"Yell28",9605,5,0,0,20,327,0,0,1,9,0,0,0,2,5,10,1,8,2,4,0,2,0
"Yell29",9665,5,1,0,17,241,0,0,1,9,1,0,0,2,5,7,0,11,5,9,0,2,0
"Yell30",9755,5,4,0,27,322,0,0,0,9,1,0,0,0,1,5,1,8,2,29,0,0,0
"Yell31",10150,5,6,1,66,176,0,1,0,7,1,0,0,5,5,9,0,5,1,117,0,0,0
"Yell32",10205,5,1,0,37,159,0,0,0,5,0,0,0,1,1,9,0,2,2,87,0,0,0
"Yell33",10225,5,0,1,35,224,0,0,3,5,1,0,0,0,5,12,0,9,6,40,0,1,0
"Yell34",10255,5,2,0,51,65,0,0,0,3,0,2,0,4,1,8,0,3,2,79,0,1,0
"Yell35",10265,5,1,0,68,98,0,0,2,7,3,0,0,1,5,12,0,11,4,63,0,1,0
"Yell36",10275,5,2,1,85,108,0,2,0,7,3,1,0,3,4,12,0,16,4,22,0,1,0
"Yell37",10280,5,26,0,58,78,0,2,3,9,1,2,0,2,5,22,0,30,9,38,0,1,0
"Yell38",10295,5,3,1,43,68,0,6,4,15,1,0,0,3,3,24,0,20,5,57,0,5,0
"Camp01",0,7,18,0,10,94,7,15,18,117,0,0,0,4,1,9,0,0,33,5,0,5,0
"Camp02",245,5,8,3,33,158,17,8,13,122,0,0,0,3,6,17,0,0,4,4,0,1,0
"Camp03",335,5,14,2,14,168,16,9,7,123,1,0,0,1,4,16,0,0,1,2,0,0,0
"Camp04",465,8,8,2,19,175,17,9,3,104,0,0,0,1,2,11,0,0,3,1,0,1,0
"Camp05",570,2,6,0,16,171,17,8,9,143,1,0,0,1,4,16,0,0,1,3,0,0,0
"Camp06",675,3,5,4,13,175,13,14,10,145,0,0,0,0,2,14,0,0,1,9,0,1,0
"Camp07",810,5,4,1,18,145,12,7,9,120,0,0,0,3,3,22,0,0,6,0,0,0,0
"Camp08",985,7,1,2,25,171,25,10,11,156,0,1,0,3,9,21,0,0,4,4,0,1,0
"Camp09",1195,4,2,2,19,161,11,6,15,103,0,2,0,5,3,14,0,0,2,2,0,3,0
"Camp10",1365,6,8,3,9,131,13,4,11,143,0,1,0,1,8,12,1,0,1,2,0,0,0
"Camp11",1575,2,7,0,5,162,16,16,12,151,1,0,0,1,1,15,0,0,3,3,0,1,0
"Camp12",1840,1,9,2,7,158,11,11,16,169,1,0,0,4,4,17,0,0,4,2,0,1,0
"Camp13",2105,4,7,1,10,183,14,16,17,125,1,0,0,3,6,25,0,0,2,1,0,1,0
"Camp14",2380,3,9,0,14,181,19,8,13,125,0,0,0,2,0,19,0,0,1,3,0,0,0
"Camp15",2750,5,8,1,3,159,8,6,14,147,0,3,0,3,6,21,1,0,0,3,0,1,0
"Camp16",2995,5,4,1,3,195,12,6,12,138,0,0,0,5,4,15,3,0,0,5,0,3,0
"Camp17",3370,4,11,1,0,168,4,11,18,79,1,0,0,2,11,14,1,0,1,3,0,2,0
"Camp18",3680,1,8,3,3,273,7,12,12,91,1,0,0,6,8,35,0,0,3,2,0,0,0
"Camp19",4060,4,21,0,2,199,8,14,14,70,1,0,0,1,10,50,0,0,2,3,0,1,0
"Camp20",4485,3,14,0,1,249,3,23,14,55,0,0,0,4,4,26,1,0,8,3,0,1,0
"Camp21",4895,1,13,1,5,275,4,22,13,72,0,0,0,10,16,28,1,0,1,8,0,4,0
"Camp22",5380,1,8,2,7,204,43,13,16,42,1,1,0,3,8,28,1,0,1,7,0,5,0
"Camp23",5710,1,4,0,1,287,17,7,18,47,0,0,0,8,12,30,1,0,2,1,0,0,0
"Camp24",6100,3,3,1,3,278,10,8,8,56,0,0,0,5,19,28,1,0,0,3,0,1,0
"Camp25",6445,0,6,0,0,282,1,9,13,38,0,0,0,5,23,35,0,0,1,5,0,4,0
"Camp26",6865,2,4,0,0,222,0,6,26,50,1,0,0,1,19,24,0,0,3,3,0,2,0
"Camp27",7325,2,4,0,3,287,0,8,12,40,1,1,0,7,5,27,1,0,1,0,0,4,0
"Camp28",7625,2,0,0,0,392,0,4,4,30,2,1,0,6,14,13,0,0,4,2,0,4,0
"Camp29",7980,2,1,0,5,353,0,3,15,38,0,0,0,7,10,7,0,0,8,3,0,7,0
"Camp30",8375,3,6,0,4,276,0,0,11,60,0,0,0,4,5,6,0,0,4,3,0,2,0
"Camp31",8855,6,2,3,19,247,0,1,22,74,1,0,0,5,3,9,0,0,2,3,0,2,0
"Camp32",9420,7,7,1,30,230,0,2,13,41,0,1,0,1,3,18,0,0,7,3,0,1,0
"Camp33",9850,3,0,4,27,255,0,1,8,39,1,1,0,3,7,5,0,0,8,5,0,4,0
"Camp34",10440,3,3,5,31,247,0,3,1,29,2,0,0,4,5,11,0,0,6,8,0,1,0
"Camp35",11225,5,2,8,33,245,0,0,2,28,2,0,0,3,6,15,1,0,2,9,0,2,0
"Camp36",12030,8,7,7,65,167,0,1,2,32,2,0,0,5,4,22,0,0,5,8,0,2,0
"Camp37",12175,7,5,8,90,179,0,3,1,24,1,0,0,9,8,31,1,0,7,17,0,3,0
"Cany01",120,1,7,0,0,101,58,11,7,64,0,0,0,2,6,12,2,5,5,1,2,3,1
"Cany02",130,3,5,0,2,122.5,75,13,3,80,0,0,0,1,4,20,0,8,2,3,1,1,2
"Cany03",140,1,6,0,2,120.5,57,12,5,76,0,0,2,1,2,12,1,2,6,1,0,3,2
"Cany04",175,1,1,0,5.5,129,46,14,7,92,0,0,1,4,8,19,0,5,1,1,0,1,0
"Cany05",200,1,5,0,4,134,51,7,6,82,0,0,0,1,2,20,2,3,0,3,0,3,1
"Cany06",220,0,13,0,0,140.5,65,16,6,93,0,0,0,1,3,32,1,4,3,3,1,1,1
"Cany07",235,3,6,0,2,132,45,15,10,69,0,0,0,4,2,34,1,6,2,7,2,1,0
"Cany08",270,3,4,2,5,144,42,8,4,83,0,0,0,2,5,6,0,6,3,2,2,2,1
"Cany09",280,2,5,0,5,143,32,5,9,68,0,0,0,1,6,13,0,2,1,4,0,1,2
"Cany10",345,0,0,0,0,65.4,25,3,11,71,0,0,0,4,4,11,0,3,0,5,1,0,4
"Cany11",420,0,7,0,2,96.5,20,4,4,52,0,0,0,0,7,17,1,4,2,0,0,1,1
"Cany12",470,2,2,0,4.5,240.5,9,5,2,55,0,0,0,2,6,20,1,4,1,0,1,1,2
"Cany13",580,0,17,1,5,159,16,6,12,84,0,0,0,3,6,18,1,5,1,3,1,0,0
"Cany14",685,0,7,1,4,121,13,4,3,74,0,0,1,4,7,25,0,5,0,4,1,2,3
"Cany15",1055,1,5,0,1,175,18,2,0,46,0,0,0,1,2,16,0,3,0,1,0,1,0
"Cany16",1095,0,23,1,0,174.5,22,11,10,102,1,1,0,3,2,17,0,3,3,5,0,0,4
"Cany17",1160,1,10,1,4.5,167.5,31,4,5,93,0,0,0,3,1,24,0,7,1,3,0,0,1
"Cany18",1220,1,25,0,8.5,190.5,24,8,3,1.2,0,0,1,4,2,22,0,5,4,1,1,1,3
"Cany19",1270,1,45,3,4,192,23,12,7,88,0,0,0,1,3,18,0,5,3,2,0,0,1
"Cany20",1315,0,23,0,6.5,177,25,6,10,96,0,0,0,4,6,16,0,8,2,4,0,2,0
"Cany21",1360,2,11,0,0,204,6,8,13,75,0,2,2,6,8,25,0,2,2,2,2,0,0
"Cany22",1380,1,8,0,3,196.5,16,3,8,63,0,1,0,1,4,26,1,4,2,3,2,1,0
"Cany23",1485,1.5,6,3,1,165.5,15,4,7,87,0,0,0,1,0,26,0,6,0,3,1,0,1
"Cany24",1565,1.5,14,0,4,145,12,4,12,57,0,0,2,2,3,8,1,1,5,0,0,1,1
"Cany25",1595,1,6,1,2,147.5,13,8,6,71,0,0,0,3,3,17,1,5,1,0,0,0,2
"Cany26",1635,1,10,0,1,102.5,47,8,12,81,1,0,1,4,7,30,0,7,2,2,0,1,0
"Cany27",1765,0,37,0,4,156.5,33,13,8,64,0,0,1,1,3,26,1,6,0,2,1,1,0
"Cany28",1890,3,5,0,2,138,30,7,15,91,0,0,1,3,4,18,1,4,4,1,0,0,1
"Cany29",1955,3,7,0,1,161,15,6,20,82,0,1,1,6,4,12,0,4,3,1,1,1,1
"Cany30",2230,2,5,1,1,149.5,36,10,8,101,0,0,0,2,1,21,1,4,1,0,0,2,1
"Cany31",2260,0,4,0,5.5,161,37,9,7,79,0,0,0,5,3,25,0,5,0,7,1,1,0
"Cany32",2695,0.5,13,0,0,145,30,5,5,71,0,0,0,3,3,18,1,1,0,2,0,0,1
"Cany33",3335,2,17,0,0,146,16,10,8,54,0,0,1,1,4,16,0,2,0,1,1,1,5
"Cany34",3870,1,8,0,2,110,16,10,8,42,0,0,0,5,7,28,0,5,2,2,0,0,2
"Cany35",4510,0,8,0,5,195.5,6,6,5,24,0,0,1,1,6,21,2,3,1,4,0,0,4
"Cany36",4965,8,9,1,3.5,247,12,11,10,47,0,0,1,4,8,45,0,3,0,3,0,1,2
"Cany37",5200,2,9,0,0,193,10,6,7,24,0,1,1,8,2,33,0,5,0,1,0,0,0
"Cany38",5360,4.5,15,0,3,179,9,6,10,52,0,1,0,3,0,33,1,4,2,4,1,0,0
"Cany39",5470,4,16,3,2.5,323,25,22,16,113,1,0,2,9,16,76,0,8,6,9,2,2,10
"Cany40",5570,1,13,3,2,311,75,10,17,86,0,1,0,15,13,54,0,10,5,7,1,4,7
"Cany41",5755,0,11,0,1,150,28,2,3,23,0,0,0,3,1,21,0,5,0,1,0,3,3
"Cany42",5970,0,13,1,0,294.5,33,9,25,68,0,0,0,6,16,49,0,12,6,5,2,3,1
"Cany43",6385,0,11,1,0.5,313.5,3,9,16,93,0,0,1,13,3,66,2,13,7,2,1,3,3
"Cany44",6710,1,0,1,0,245.5,0,3,4,38,0,0,0,8,14,32,0,6,4,1,0,4,3
"Cany45",7280,0,2,0,0,235.5,0,6,8,36,0,0,0,8,8,38,2,7,3,2,1,4,7
"Cany46",7670,1,9,1,0,345.5,0,5,4,59,0,0,0,10,6,18,0,14,2,3,2,3,3
"Cany47",8440,1,10,0,2.5,231.5,0,1,10,75,0,1,0,8,3,14,0,12,5,4,1,6,2
"Cany48",8875,0,4,0,2.5,377,0,3,19,69,0,0,0,4,7,5,0,12,9,7,0,4,2
"Cany49",9350,0.5,5,0,15,199,0,2,2,33,1,0,0,0,6,10,1,9,4,5,2,2,5
"Cany50",9450,6.5,11,2,4,162.5,2,0,17,46,0,0,0,3,2,10,0,10,3,7,1,1,4
"Cany51",9465,3,13,1,12.5,167.5,0,0,9,42,1,0,0,2,5,16,0,10,5,3,3,4,4
"Cany52",9470,2,6,0,7,152.5,0,1,12,42,0,0,0,3,5,4,1,2,5,5,3,2,1
"Cany53",9485,2,10,2,9,169.5,0,1,8,41,0,0,0,1,5,11,0,14,3,3,1,3,0
"Cany54",9505,2.5,7,0,14,163,0,0,7,40,2,0,0,3,6,13,0,9,3,6,3,3,0
"Cany55",9515,3.5,15,1,6.5,185.5,0,0,11,46,0,0,0,1,3,14,0,4,6,2,3,3,1
"Cany56",9530,4.5,10,0,14,152.5,1,1,3,31,0,1,0,1,2,8,0,5,4,3,0,2,3
"Cany57",9895,1.5,7,2,14,232,0,1,2,52,1,0,0,5,7,13,0,10,2,5,0,1,3
"Cany58",10380,1,5,1,20.5,174,2,0,1,25,1,0,0,4,10,12,0,16,0,5,1,3,4
"Cany59",10560,1,12,0,21.5,159.5,1,1,2,51,0,0,0,1,9,13,0,15,1,7,0,1,3
"Cany60",10645,0.5,3,3,11,227,0,1,2,41,0,1,0,3,6,21,0,14,2,5,0,3,1
"Cany61",10665,2,10,3,32,221.5,1,1,0,26,0,0,1,4,6,17,0,10,1,4,0,1,5
"Cany62",10750,3,1,0,18.5,156,0,0,4,18,2,0,0,3,8,11,0,6,1,1,1,1,4
"Cany63",10775,1.5,11,1,15,224.5,1,1,0,37,0,1,0,5,3,21,0,22,4,4,1,0,2
"Cany64",11055,1,4,0,18.5,155,0,0,1,22,2,0,0,2,5,7,0,15,5,2,1,0,2
"Cany65",11080,3,1,0,43,251.5,0,1,2,30,2,0,0,9,12,25,0,15,5,10,1,5,1
"Cany66",11140,2,11,0,19,104.5,0,0,0,8,0,0,0,5,1,21,0,18,3,8,0,0,6
"Cany67",11225,4.5,24,4,68,103.5,0,1,2,20,0,0,0,3,8,32,0,11,10,9,0,5,3
"Cany68",11460,0,21,0,25,95,0,2,0,5,0,0,0,5,6,18,0,12,4,11,7,0,8
"Cany69",11945,0,4,2,32,78.5,0,2,0,4,2,0,0,4,0,12,0,12,4,8,0,0,5
"Cany70",12260,0,7,0,52,152.5,1,2,0,5,0,1,0,2,2,16,0,4,2,3,2,0,1
"Cany71",12665,0,3,0,25,144.5,0,0,1,10,1,0,0,4,3,16,0,9,3,13,3,2,3
"Cany72",12835,2,6,1,34.5,99,0,0,0,12,1,1,0,3,4,21,0,16,4,11,2,2,6
"Kitc01",-20,2,23,3,8,57,4,4,5,106,0,0,3,1,7,29,0,3,23,5,0,0,0
"Kitc02",10,5,27,0,8,42,7,9,16,47,0,2,3,9,3,22,0,13,64,3,0,1,0
"Kitc03",35,1,16,5,12,87,48,5,4,82,2,0,5,6,6,25,0,14,50,3,2,5,0
"Kitc04",45,1,7,4,8,54,37,10,3,60,2,1,1,1,3,19,0,8,18,0,2,3,0
"Kitc05",55,3,21,6,12,69,42,6,17,91,1,0,4,4,4,21,0,7,31,5,2,2,0
"Kitc06",70,3,24,2,9,60,39,9,1,119,0,0,4,3,9,24,3,5,26,1,3,0,0
"Kitc07",80,3,24,8,7,77,54,11,4,110,1,0,2,2,9,30,2,8,7,5,0,1,0
"Kitc08",275,3,43,4,13,71,25,5,4,92,0,1,7,2,5,31,1,6,2,3,0,2,1
"Kitc09",700,2,17,2,10,59,20,9,9,97,4,2,7,9,20,48,2,24,5,4,2,2,0
"Kitc10",1235,5,12,2,6,63,37,21,4,79,2,0,30,3,15,32,4,12,3,3,2,3,0
"Kitc11",1785,2,8,1,9,92,66,16,4,91,1,0,18,5,15,14,2,10,2,5,0,0,0
"Kitc12",2410,0,21,1,2,74,51,19,1,144,1,0,19,4,7,25,7,17,1,1,0,0,0
"Kitc13",2790,2,31,3,5,107,43,8,1,94,1,0,7,2,14,41,6,9,0,4,1,0,0
"Kitc14",3095,4,21,5,1,127,27,35,1,105,0,2,8,4,18,34,6,7,4,5,0,1,0
"Kitc15",3430,1,24,2,0,156,16,9,6,31,2,0,6,11,11,52,6,10,1,3,3,3,0
"Kitc16",3750,2,18,2,4,201,10,27,7,63,3,0,4,7,15,54,3,11,10,4,0,0,0
"Kitc17",4170,1,29,4,6,187,9,21,10,36,0,1,1,10,11,30,0,11,1,4,0,1,0
"Kitc18",4690,1,26,2,5,164,20,12,2,42,1,0,0,10,11,41,1,9,2,2,0,0,0
"Kitc19",5170,2,12,9,2,164,7,11,8,50,0,0,1,8,19,33,1,7,4,2,1,3,0
"Kitc20",5595,2,2,2,1,260,5,5,3,18,0,0,2,3,11,28,1,7,4,1,1,2,0
"Kitc21",6385,1,4,3,1,378,2,13,5,17,0,1,1,2,14,31,1,8,4,5,0,3,0
"Kitc22",6820,2,16,0,2,288,1,13,4,17,1,0,1,6,13,26,0,16,6,2,0,0,0
"Kitc23",7305,1,7,6,3,250,1,8,1,42,0,0,0,6,19,41,0,10,2,2,1,0,0
"Kitc24",7615,2,10,4,7,412,0,5,8,38,1,3,0,5,11,18,0,13,5,5,2,1,0
"Kitc25",7965,0,0,0,1,472,0,2,1,18,3,0,0,2,9,18,0,13,5,5,1,2,0
"Kitc26",8350,2,0,2,6,461,1,2,1,23,2,1,0,5,4,15,0,13,3,5,2,3,0
"Kitc27",8725,4,10,0,23,239,0,1,2,38,1,2,0,7,7,32,1,14,4,7,0,0,0
"Kitc28",9645,5,2,7,31,292,0,2,0,29,4,0,0,6,14,42,0,17,3,12,1,1,0
"Kitc29",10700,0,3,5,196,90,0,0,0,3,0,0,0,3,1,17,0,11,1,6,0,1,0
"Kitc30",12005,1,0,0,66,15,0,0,1,6,0,0,0,1,2,3,0,0,1,24,3,6,0
"Kitc31",12950,0,0,0,43.5,2,0,0,0,2,0,1,0,10,11,10,0,1,3,7,1,1,0
"LMar01",255,1,0,0,3,178,45,4,7,92,0,1,0,2,3,17,0,2,4,8,1,0,3
"LMar02",805,4,0,2,2,142,42,5,8,81,0,0,0,1,2,14,1,3,0,3,0,1,1
"LMar03",1465,0,0,2,3,158,11,13,8,151,1,0,0,5,9,29,0,7,4,6,0,0,1
"LMar04",2290,3,0,5,2,184,19,5,17,76,0,3,0,3,3,20,1,7,10,4,0,1,2
"LMar05",3140,1,0,7,2,255,25,9,9,106,1,2,0,4,5,23,0,12,4,5,1,0,4
"LMar06",3970,1,0,5,2,192,6,10,20,109,0,5,0,8,5,39,1,11,4,6,1,0,2
"LMar07",4760,4,0,4,4,132,0,10,4,28,0,1,0,6,4,23,2,9,4,2,0,0,0
"LMar08",5470,0,0,4,0,185,0,11,17,49,0,2,0,9,7,31,0,10,2,3,1,2,4
"LMar09",6030,2,0,1,1,235,1,3,6,45,0,5,0,4,8,21,0,5,4,4,0,1,2
"LMar10",6605,1,0,1,0,292,3,7,11,37,1,2,0,3,14,40,1,11,4,3,1,1,0
"LMar11",7270,0,0,0,0,186,0,3,16,59,0,2,0,1,15,18,1,10,7,1,1,1,1
"LMar12",7705,2,0,3,0,264,0,10,13,48,0,2,0,1,20,31,1,24,8,5,0,6,1
"LMar13",8235,5,0,0,0,232,0,1,13,38,1,0,0,0,12,24,1,17,9,3,0,1,1
"LMar14",8790,2,0,0,0,220,0,3,24,59,2,3,0,2,10,19,0,17,8,3,0,4,0
"LMar15",9485,2,0,1,1,225,0,2,17,56,2,2,0,1,6,9,0,11,8,2,0,4,1
"LMar16",9650,3,0,2,1,173,0,1,20,56,2,2,0,5,4,13,0,9,9,3,0,7,1
"LMar17",9995,6,0,2,11,205,0,0,20,73,0,5,0,4,7,10,1,13,7,10,0,4,1
"LMar18",10220,3,0,0,16,252,0,0,15,49,1,1,0,3,6,13,0,17,1,4,0,2,0
"LMar19",10375,5,0,1,33,242,0,2,2,10,2,2,0,0,4,18,1,16,1,5,0,1,0
"LMar20",10620,0,0,4,129,152,0,0,1,12,3,2,0,5,2,17,0,29,2,5,0,2,0
"LMar21",10710,0,0,2,39,226,0,2,1,17,3,2,0,3,5,16,0,6,1,2,1,1,0
"LMar22",10830,0,0,5,64,196,0,1,0,15,1,2,0,1,3,11,0,7,3,4,0,1,0
"LMar23",11110,3,0,6,136,122,0,0,1,9,3,2,0,1,5,9,0,6,4,3,0,0,5
"LMar24",11180,1,0,9,114,157,0,0,3,17,1,3,0,7,0,21,0,34,3,7,0,2,0
"LMar25",11240,0,0,5,75,231,0,2,0,20,0,1,0,2,2,14,0,15,1,2,1,0,0
"LMar26",11410,0,0,3,150,140,0,1,1,19,1,4,0,5,6,30,0,40,0,5,0,0,1
"LMar27",11875,1,0,8,159,119,0,1,1,24,0,2,0,4,3,24,0,11,0,7,2,1,1
"LMar28",12155,4,0,10,158,51,0,2,1,13,0,5,0,7,11,21,0,21,3,10,0,1,10
"Lost01",0,1,2,0,7,62,4,28,27,178,0,0,0,1,5,18,0,2,25,2,0,9,0
"Lost02",120,5,6,1,15,68,14,15,24,125,0,0,0,1,2,14,0,6,2,3,0,1,0
"Lost03",410,4,5,0,15,110,6,13,20,136,1,1,0,2,2,15,1,2,7,2,0,0,0
"Lost04",680,4,6,1,24,138,3,15,23,175,0,2,0,1,3,24,1,6,1,2,0,2,0
"Lost05",1030,3,6,0,15,89,11,14,23,158,0,2,0,3,3,13,0,4,4,2,0,1,0
"Lost06",1390,1,3,0,4,77,4,7,9,107,0,0,0,0,3,17,0,2,4,2,0,1,0
"Lost07",1825,5,11,0,11,124,12,14,13,167,0,0,0,2,5,23,0,4,4,5,0,2,0
"Lost08",2285,3,2,1,5,118,9,9,18,146,0,0,0,1,8,21,0,2,0,0,0,0,0
"Lost09",2775,2,3,0,0,140,3,7,23,169,0,0,0,1,4,14,2,2,2,1,0,0,0
"Lost10",3140,0,2,0,0,125,2,3,10,57,0,2,0,0,6,10,0,0,3,0,0,0,0
"Lost11",3455,1,6,0,4,133,0,10,17,68,0,0,0,4,10,36,0,3,0,3,0,1,0
"Lost12",4130,2,4,0,4,199,4,17,18,46,0,1,0,3,6,32,2,5,4,2,0,0,0
"Lost13",4505,2,2,0,3,157,2,13,14,73,0,3,0,1,10,18,0,5,5,3,0,1,0
"Lost14",4875,0,3,0,3,187,17,13,6,45,0,1,0,2,7,24,0,7,0,3,0,1,0
"Lost15",5290,3,5,0,3,197,21,11,6,25,1,1,0,2,8,18,3,7,3,3,0,1,0
"Lost16",5570,2,2,1,2,265,68,8,15,32,1,1,0,7,11,23,1,6,1,6,0,1,0
"Lost17",5810,0,1,0,1,258,26,5,8,26,1,1,0,6,5,27,0,4,3,2,0,2,0
"Lost18",6085,2,3,0,0,294,23,11,12,35,0,1,0,4,11,20,0,2,3,6,0,0,0
"Lost19",6340,0,0,2,1,279,8,3,5,13,0,1,0,3,10,14,1,3,1,5,0,2,0
"Lost20",6585,4,4,1,1,379,6,14,17,39,0,0,0,2,21,31,0,7,3,3,0,2,0
"Lost21",6865,2,4,0,2,346,0,4,4,24,0,1,0,3,9,22,1,3,3,1,0,3,0
"Lost22",7190,0,2,1,0,525,0,6,4,24,0,1,0,6,10,22,0,5,3,4,0,1,0
"Lost23",7420,1,1,2,1,417,0,4,6,39,0,2,0,4,12,36,1,5,2,5,0,3,0
"Lost24",7600,0,1,0,1,432,0,6,5,29,0,0,0,4,9,18,0,9,1,4,0,1,0
"Lost25",7815,1,2,1,1,404,0,7,7,33,0,1,0,4,9,36,0,9,5,1,0,0,0
"Lost26",8035,3,1,3,2,502,0,5,6,31,0,0,0,4,10,12,0,8,11,5,0,3,0
"Lost27",8290,1,0,2,2,482,0,2,3,34,0,1,0,1,2,3,0,1,4,1,0,4,0
"Lost28",8490,10,0,4,17,342,0,1,23,56,0,0,0,5,4,7,0,5,8,7,0,2,0
"Lost29",9005,6,4,1,8,277,0,1,45,55,1,1,0,2,9,10,0,1,0,7,0,3,0
"Lost30",9505,2,1,2,13,383,0,2,119,59,3,0,0,5,8,9,0,7,11,8,0,4,0
"Lost31",10150,1,1,3,28,325,0,0,5,32,1,0,0,1,5,8,0,16,2,3,0,2,0
"Lost32",10640,14,1,5,39,436,0,2,1,27,2,2,0,7,12,35,0,37,5,2,0,1,0
"Lost33",11535,1,17,0,41,119,0,1,1,61,0,0,0,6,4,36,0,14,7,22,0,2,0
"Fall1",-51,5,0,0,10,362,13,17,0,165,1,5,0,0,6,69,1,14,44,3,2,2,15
"Fall2",45,5,0,0,10,239,13,4,0,112,0,1,0,0,2,19,0,4,21,2,2,6,7
"Fall3",62,6,0,0,9,257,20,4,0,137,0,4,0,0,2,20,0,9,23,6,0,2,7
"Fall4",78,2,0,0,18,345,25,6,0,179,0,4,0,0,7,36,0,7,11,3,1,2,3
"Fall5",86,6,0,1,11,348,20,7,0,179,0,1,0,0,8,27,0,4,9,2,1,4,4
"Fall6",103,8,0,0,8,315,27,6,0,188,1,2,2,0,1,25,0,5,10,7,2,2,5
"Fall7",111,9,0,0,11,403,30,2,0,180,0,5,0,0,4,36,0,12,7,6,0,0,5
"Fall8",138,4,0,0,10,248,11,8,0,105,0,1,0,0,3,22,1,8,2,5,0,0,3
"Fall9",170,10,0,0,10,407,26,7,0,119,0,7,0,0,9,36,1,6,4,11,3,1,1
"Fall10",220,4,0,0,1,332,24,2,0,107,0,2,0,0,2,35,1,1,4,5,0,1,2
"Fall11",314,3,0,1,7,343,14,22,0,72,2,0,0,0,6,22,0,4,2,3,1,1,5
"Fall12",379,1,0,0,8,339,31,9,0,109,1,0,0,0,4,25,0,3,4,3,2,1,6
"Fall13",441,6,0,0,6,509,27,6,0,81,0,3,0,0,8,27,0,5,2,4,2,0,4
"Fall14",571,2,0,0,5,419,12,7,0,99,0,2,0,0,0,12,0,9,7,1,1,0,4
"Fall15",708,2,0,1,5,487,26,8,0,94,0,1,1,0,6,13,0,8,0,3,1,2,2
"Fall16",842,1,0,0,4,534,17,5,0,92,0,3,2,0,3,27,0,7,4,7,2,0,2
"Fall17",986,1,0,0,2,411,22,8,0,93,0,2,1,0,7,17,0,12,0,6,1,1,2
"Fall18",1156,1,0,0,4,376,19,5,0,92,0,2,0,0,1,17,1,4,0,3,0,1,1
"Fall19",1283,1,0,1,4,399,16,2,0,104,0,0,1,0,3,39,0,6,2,4,2,0,2
"Fall20",1387,2,0,0,2,313,10,4,0,124,1,0,0,0,3,42,0,6,5,1,0,0,8
"Fall21",1607,1,0,0,6,513,25,8,0,98,0,3,1,0,6,30,0,8,3,4,1,1,5
"Fall22",1839,0,0,0,5,287,13,10,0,113,2,1,0,0,7,26,0,3,1,3,3,2,5
"Fall23",2138,4,0,0,6,464,4,7,0,110,1,0,2,0,3,26,0,4,2,5,2,6,8
"Glim1",52,0,0,0,0,172,25,7,6,75,0,0,0,0,0,6,1,0,0,1,0,0,0
"Glim2",433,1,0,0,0,346,28,0,3,73,0,0,0,0,0,12,1,0,1,3,0,0,0
"Glim3",904,1,0,0,0,370,9,3,3,83,0,0,0,0,0,11,2,0,1,1,0,0,0
"Glim4",1368,0,0,0,0,364,25,2,6,68,0,0,0,0,0,5,0,0,1,2,0,0,0
"Glim5",1819,1,0,0,0,284,14,1,3,106,0,0,0,0,0,11,0,0,3,7,0,0,0
"Glim6",2255,2,0,0,0,366,38,1,5,53,0,0,0,0,0,7,0,0,1,2,0,0,0
"Glim7",2670,1,0,0,0,342,16,0,5,78,0,0,0,0,0,10,0,0,5,1,0,0,0
"Glim8",3061,2,0,0,1,372,17,2,0,62,0,0,0,0,0,9,3,0,5,1,0,0,0
"Glim9",3424,2,0,0,6,422,5,7,7,45,0,0,0,0,0,2,0,0,3,6,0,2,0
"Glim10",3757,2,0,0,3,376,2,9,10,55,0,0,0,1,0,11,0,0,1,10,0,3,0
"Glim11",4060,2,0,0,7,350,0,11,7,64,0,0,0,6,2,12,0,0,3,4,0,1,0
"Glim12",4335,2,0,0,7,203,4,15,3,35,0,0,0,2,3,9,2,0,6,2,0,0,0
"Glim13",4585,3,0,0,4,378,2,9,5,56,0,0,0,1,3,17,1,1,1,1,0,1,0
"Glim14",4811,6,0,0,3,358,2,16,5,49,0,0,0,4,2,11,0,3,1,2,0,0,1
"Glim15",5016,7,0,0,7,320,3,9,5,59,0,0,0,7,3,16,5,3,1,1,0,0,0
"Glim16",5201,1,0,0,8,336,4,9,5,65,0,0,0,2,1,15,2,2,2,5,0,1,0
"Glim17",5460,1,0,0,4,322,3,11,5,59,1,0,0,4,1,14,2,4,6,2,0,2,1
"Glim18",5553,0,0,0,1,402,0,6,2,35,0,0,0,5,1,19,3,3,5,2,0,0,0
"Glim19",5654,0,0,0,0,402,3,6,2,29,0,0,0,3,4,13,1,5,2,2,1,0,0
"Glim20",5767,5,0,0,3,384,15,10,4,37,0,0,0,6,1,10,3,2,0,1,0,1,0
"Glim21",5895,3,0,0,5,284,9,11,2,50,0,0,0,4,5,29,2,7,2,5,0,1,1
"Glim22",6041,3,0,0,0,446,2,3,2,34,1,0,0,0,0,12,1,6,2,3,0,1,0
"Glim23",6208,3,0,0,0,386,5,9,1,27,0,0,0,4,2,21,2,4,5,3,0,4,0
"Glim24",6395,0,0,0,2,352,0,10,1,44,1,0,0,1,2,25,3,5,4,4,0,2,0
"Glim25",6819,0,0,0,7,456,0,9,4,18,0,0,0,2,1,17,0,4,4,0,0,0,0
"Glim26",7298,0,0,0,3,458,0,6,1,26,1,0,0,5,7,12,0,6,6,1,1,0,0
"Glim27",7818,0,0,0,3,488,0,0,0,16,1,0,0,1,3,11,1,6,1,0,0,1,0
"Glim28",8362,7,0,0,1,424,0,5,1,26,2,0,0,2,5,13,1,9,3,3,0,2,0
"Glim29",8916,3,0,0,4,448,0,4,2,50,0,0,0,1,5,8,1,6,4,4,1,2,0
"Glim30",9465,3,0,0,3,338,0,3,1,64,0,0,0,4,2,7,0,12,4,7,0,3,0
"Glim31",9993,0,0,1,0,330,0,4,11,29,0,0,0,4,5,9,0,12,7,13,0,11,0
"Glim32",10490,2,0,0,14,308,0,10,6,63,0,0,0,3,0,12,1,20,3,4,0,1,0
"Glim33",10965,3,0,0,28,412,0,4,2,20,0,0,0,1,0,7,0,10,4,5,0,2,0
"Glim34",11440,0,0,0,70,284,0,12,1,11,0,0,0,15,0,6,0,13,2,9,0,4,0
"Glim35",11678,0,0,0,122,28,0,5,3,32,0,0,0,22,2,8,0,11,2,9,0,1,0
"Mud01",-50,12,2,0,25,171,21,4,12,55,1,0,0,2,0,11,0,0,6,2,0,1,6
"Mud02",-18,6,2,0,29,184,15,6,7,86,0,0,0,1,1,9,0,3,3,6,0,4,3
"Mud03",13,8,1,0,42,174,21,4,6,53,0,0,0,0,0,7,0,3,9,4,0,2,0
"Mud04",45,6,0,0,45,160,21,4,6,86,2,0,0,0,0,12,0,3,15,2,0,2,6
"Mud05",76,8,2,0,38,167,18,2,8,86,0,0,0,0,0,11,0,1,15,6,0,4,4
"Mud06",84,9,2,0,31,161,19,0,14,91,0,0,0,1,0,9,0,3,9,6,0,3,6
"Mud07",100,8,1,0,46,187,20,3,6,64,0,0,0,0,0,8,0,4,8,0,0,1,0
"Mud08",113,9,1,0,23,180,21,5,10,55,0,0,0,1,0,10,0,6,3,2,0,0,0
"Mud09",126,8,0,0,18,169,15,5,9,70,0,0,0,1,0,7,0,5,3,0,0,1,5
"Mud10",179,6,2,0,31,160,21,2,9,66,1,0,1,0,0,7,0,3,3,2,0,1,0
"Mud11",192,5,1,0,28,156,20,0,16,67,1,0,0,0,0,12,0,4,2,1,0,0,2
"Mud12",377,6,3,0,15,140,9,3,8,77,0,0,0,0,1,12,0,1,3,6,0,0,3
"Mud13",561,3,0,0,11,170,17,1,3,58,0,0,0,0,0,7,0,1,2,2,0,0,2
"Mud14",745,6,1,0,18,157,21,1,4,52,0,0,0,0,0,5,0,0,1,3,0,2,1
"Mud15",929,5,2,0,13,152,25,1,6,54,1,0,0,0,0,2,0,2,1,1,0,0,2
"Mud16",1114,6,0,0,19,176,31,3,3,54,0,0,0,0,0,4,0,2,0,2,0,1,1
"Mud17",1298,8,0,0,10,144,26,2,4,64,0,0,0,1,0,3,0,4,0,1,0,1,1
"Mud18",1559,0,4,0,4,149,10,3,1,77,0,0,0,1,0,5,0,3,0,1,0,0,2
"Mud19",1670,4,0,0,13,159,12,4,5,66,0,0,0,0,0,2,0,1,0,1,0,0,0
"Mud20",1801,9,1,0,13,164,8,4,5,52,1,0,0,1,0,8,0,0,4,5,0,0,4
"Mud21",2061,7,2,0,6,163,16,2,4,71,0,0,0,0,0,2,0,2,0,0,0,0,0
"Mud22",2322,7,1,0,2,160,21,1,2,74,1,0,0,1,0,4,0,0,2,4,0,1,1
"Mud23",2583,2,0,0,4,159,13,3,0,81,1,0,0,1,0,9,0,1,3,0,0,1,2
"Mud24",2884,3,2,0,7,183,9,6,4,54,0,0,0,1,0,5,0,0,0,1,0,0,1
"Mud25",3225,3,2,0,9,171,4,6,5,44,0,0,0,0,0,5,0,3,1,1,0,2,1
"Mud26",3372,3,4,0,7,163,8,3,4,66,0,0,0,1,0,11,0,1,4,2,0,0,1
"Mud27",3567,3,2,0,7,179,1,1,5,43,1,0,0,0,0,13,0,4,2,0,0,0,1
"Mud28",3713,3,10,0,1,179,1,6,5,47,1,0,0,0,0,11,1,0,3,2,0,0,0
"Mud29",4054,5,0,0,3,217,1,3,6,31,1,0,0,2,0,9,1,4,0,2,0,2,1
"Mud30",4396,2,7,0,3,177,3,2,5,51,0,0,0,3,0,10,0,4,2,0,0,0,0
"Mud31",4737,6,2,0,8,186,3,5,6,30,0,0,0,1,1,10,0,1,1,1,0,0,1
"Mud32",5079,11,1,0,5,215,10,3,3,10,1,0,0,0,1,5,0,0,0,0,0,0,0
"Mud33",5249,5,0,0,4,222,16,0,2,10,0,0,0,0,0,4,0,1,2,0,0,0,0
"Mud34",5625,6,0,0,5,225,6,4,3,16,0,0,0,1,0,4,1,4,0,2,0,0,0
"Mud35",6034,1,0,0,6,248,6,0,0,6,1,0,0,0,0,7,0,1,0,0,0,0,1
"Mud36",6443,2,0,0,3,269,0,0,0,4,0,0,0,0,1,3,0,1,1,0,0,0,1
"Mud37",6790,0,1,0,2,242,0,1,1,13,0,0,0,1,1,8,0,0,1,2,0,1,1
"Mud38",7077,1,1,0,0,225,0,0,2,21,1,0,0,1,0,8,0,2,0,0,0,0,0
"Mud39",7240,1,2,0,4,283,2,1,2,7,0,0,0,0,0,3,0,1,0,0,0,0,0
"Mud40",7527,1,0,1,2,251,0,0,0,7,0,0,0,0,0,0,0,2,0,0,0,0,0
"Mud41",7670,4,0,0,4,237,0,1,1,4,0,0,0,0,0,4,0,0,0,1,0,1,0
"Mud42",7886,4,3,1,8,242,0,0,3,19,0,0,0,0,0,1,0,2,1,0,0,1,0
"Mud43",8031,9,2,0,11,223,2,0,1,4,0,0,0,0,0,0,0,1,1,0,0,1,0
"Mud44",8176,5,1,0,14,196,0,1,1,9,0,0,0,1,0,0,0,2,1,0,0,1,0
"Mud45",8259,4,0,0,7,194,0,0,0,11,0,0,0,0,0,0,0,0,0,0,0,1,1
"Mud46",8367,19,2,0,25,225,0,0,4,37,0,0,0,0,1,4,0,5,4,1,0,3,2
"Mud47",8484,15,0,0,21,156,0,1,5,47,0,0,0,2,1,4,0,4,4,1,0,0,1
"Mud48",8610,1,0,0,24,207,0,0,4,33,0,0,0,0,0,0,0,1,0,1,0,2,2
"Mud49",8799,8,2,0,24,228,0,0,12,63,0,0,0,3,0,3,0,4,2,2,0,2,1
"Mud50",8925,4,0,0,26,174,0,0,11,56,0,0,0,1,1,5,0,2,7,0,0,2,1
"Mud51",9050,5,5,1,45,184,0,2,17,60,0,0,0,2,2,4,0,2,3,4,0,3,3
"Mud52",9167,8,0,0,35,187,9,0,1,12,0,0,0,0,0,2,0,0,0,1,0,1,2
"Mud53",9221,14,10,0,30,196,4,0,8,54,0,0,0,0,2,5,0,1,2,2,0,2,2
"Mud54",9329,17,0,0,57,194,0,1,4,25,1,0,0,0,0,4,0,3,3,1,0,0,1
"Mud55",9437,16,0,0,48,182,0,0,2,16,0,0,0,1,0,6,0,3,5,3,0,3,2
"Mud56",9545,3,6,1,52,165,1,0,2,39,2,0,0,1,4,2,2,5,4,5,0,4,2
"Mud57",9662,10,3,0,59,149,0,0,2,23,1,0,0,5,1,7,0,17,1,1,0,3,1
"Nels1",-46,4,45,1,15,85,28,6,14,175,2,0,25,6,7,16,1,8,26,6,3,0,10
"Nels2",252,1,38,1,12,99,33,11,8,193,1,2,28,4,7,29,0,10,9,0,2,2,3
"Nels3",505,2,30,0,12,92,33,16,14,186,0,3,40,6,14,30,0,7,4,2,1,2,2
"Nels4",713,2,26,1,6,128,55,28,6,157,1,2,28,2,6,25,0,8,3,3,1,1,1
"Nels5",991,1,23,2,6,104,39,20,8,203,2,4,34,2,10,23,0,11,3,2,3,1,5
"Nels6",1196,2,25,0,8,123,40,22,14,193,1,5,23,2,8,28,1,8,2,2,1,1,1
"Nels7",1528,4,28,0,12,138,35,18,9,173,1,0,35,5,13,27,1,6,3,1,1,1,2
"Nels8",1877,2,45,0,6,163,34,15,5,177,0,2,22,8,10,22,0,6,1,2,0,1,1
"Nels9",2216,7,97,2,6,122,32,21,8,167,2,1,22,4,9,27,0,6,3,4,1,0,3
"Nels10",2557,3,53,0,9,138,30,20,12,171,0,2,20,4,8,37,0,7,0,4,0,0,2
"Nels11",2725,7,46,1,1,105,38,15,12,243,0,3,11,3,6,18,0,9,2,1,0,1,2
"Nels12",2972,2,79,1,4,102,28,20,7,216,1,1,10,5,8,15,0,10,3,0,1,1,0
"Nels13",3205,1,91,1,2,140,21,23,8,126,0,1,9,11,4,36,1,7,3,2,1,1,4
"Nels14",3467,2,48,1,8,129,14,11,7,206,1,2,4,3,13,26,0,6,1,2,1,1,2
"Nels15",3857,2,105,2,2,135,7,14,3,164,0,1,9,3,8,32,0,5,2,1,0,1,2
"Nels16",4114,2,62,1,2,135,21,10,9,199,0,5,7,4,5,28,0,11,0,0,1,1,4
"Nels17",4536,3,46,1,6,173,16,17,17,142,1,6,3,5,8,58,1,5,3,5,2,1,4
"Nels18",4737,4,18,1,1,178,15,16,6,136,2,3,6,5,4,69,2,5,3,3,0,0,7
"Nels19",5131,1,57,0,7,195,16,13,10,130,0,3,0,8,7,0,0,4,4,4,1,0,0
"Nels20",5331,4,73,2,6,210,7,12,7,65,1,0,9,6,15,61,0,6,1,6,0,1,0
"Nels21",5730,1,21,2,4,274,31,10,7,36,1,2,3,4,5,59,0,7,1,0,2,2,1
"Nels22",5928,0,44,2,4,279,23,5,5,43,0,2,2,7,7,49,0,11,9,4,0,3,9
"Nels23",6126,3,14,2,1,302,5,7,8,51,0,1,2,6,11,43,2,16,7,2,7,2,6
"Nels24",6324,0,48,1,2,309,5,3,6,42,3,2,0,10,13,50,0,25,0,2,1,1,5
"Nels25",6519,2,15,0,4,352,1,5,2,32,2,1,0,6,5,45,0,12,4,2,4,0,5
"Nels26",6710,1,24,0,2,309,0,6,0,33,3,2,0,6,13,26,0,5,5,1,5,1,6
"Nels27",6901,1,43,1,5,344,0,1,10,20,0,7,0,7,5,30,0,12,4,3,7,0,8
"Nels28",6852,0,253,1,2,49,1,7,8,13,0,0,0,13,4,47,0,6,0,8,9,1,22
